"device","event_id","start_time","end_time","event_duration","year","month","weekday","center_x","center_y","event_type","UTMzone","longitude","latitude","distance_to_colony","sex","effort","n_events","grouped_days"
317,142,2015-06-11 03:32:43,2015-06-11 06:17:54,165.183333333333,2015,"Jun","Thu",614374.819067852,5874895.08381753,"Shrimp boat",31,4.70479659273212,53.0113738070233,9.234160969593,"MM",125760,15,"fishing_days"
317,287,2015-08-12 03:02:36,2015-08-12 06:51:44,229.133333333333,2015,"Aug","Wed",615391.89604661,5872999.65560263,"Shrimp boat",31,4.71927211018678,52.9941244477154,9.79179012720767,"MM",125760,15,"fishing_days"
317,321,2015-08-20 03:06:56,2015-08-20 07:18:20,251.4,2015,"Aug","Thu",615432.692517646,5873180.39221183,"Shrimp boat",31,4.71994419698427,52.9957396473721,9.62844304890448,"MM",125760,15,"fishing_days"
317,406,2016-04-07 10:58:12,2016-04-07 12:18:24,80.2,2016,"Apr","Thu",614813.329583156,5875287.59308573,"Shrimp boat",31,4.71146913147764,53.0148068070245,8.64862073171182,"MM",245003,92,"fishing_days"
317,588,2017-04-10 18:33:11,2017-04-10 19:54:11,81,2017,"Apr","Mon",615095.517964932,5874213.33901001,"Trawler",31,4.71529068181191,53.0050936307159,9.11964017251116,"MM",334094,57,"fishing_days"
533,113,2015-06-12 11:10:15,2015-06-12 11:55:15,45,2015,"Jun","Fri",619750.729505713,5870543.68798098,"Shrimp boat",31,4.78327327160824,52.9711008240799,10.0937015412644,"FF",125760,15,"fishing_days"
534,425,2016-04-22 18:58:36,2016-04-22 21:49:29,170.883333333333,2016,"Apr","Fri",588545.419623129,5858854.80602453,"Shrimp boat",31,4.31554739665031,52.8721127117665,39.5755287072065,"FF",245003,92,"fishing_days"
534,485,2016-05-09 04:53:36,2016-05-10 01:14:33,1220.95,2016,"May","Mon",572706.3989241,5835221.04063671,"Shrimp boat",31,4.07502725956801,52.662061260185,66.6712407134496,"FF",245003,92,"fishing_days"
534,489,2016-05-10 05:57:34,2016-05-10 13:23:27,445.883333333333,2016,"May","Tue",578611.259574875,5820920.54198939,"Shrimp boat",31,4.15891978568052,52.5327015479445,73.4952576993261,"FF",245003,92,"fishing_days"
534,509,2016-05-12 10:15:35,2016-05-12 14:34:46,259.183333333333,2016,"May","Thu",581344.494602732,5866634.21214594,"Shrimp boat",31,4.21053583971907,52.943167405705,42.6541792908025,"FF",245003,92,"fishing_days"
534,522,2016-05-17 04:32:54,2016-05-17 18:06:00,813.1,2016,"May","Tue",583524.660614404,5870954.65441447,"Shrimp boat",31,4.24408623548804,52.9816619630402,39.3427443933538,"FF",245003,92,"fishing_days"
534,531,2016-05-19 10:59:48,2016-05-19 18:57:20,477.533333333333,2016,"May","Thu",574598.548196099,5882917.66038276,"Shrimp boat",31,4.11393005772735,53.0904983433679,47.1609822930228,"FF",245003,92,"fishing_days"
534,547,2016-05-26 10:06:54,2016-05-26 18:38:09,511.25,2016,"May","Thu",583958.330714716,5868821.93693338,"Shrimp boat",31,4.24999078539451,52.9624267683167,39.4964358130313,"FF",245003,92,"fishing_days"
534,573,2016-06-05 12:40:08,2016-06-05 13:28:49,48.6833333333333,2016,"Jun","Sun",615758.22614085,5873180.0816614,"Shrimp boat",31,4.72479213116638,52.9956666159867,9.41806309693327,"FF",245003,92,"weekend_days"
534,581,2016-06-07 03:44:21,2016-06-07 19:54:21,970,2016,"Jun","Tue",583293.353020066,5871804.74340755,"Shrimp boat",31,4.24086076912979,52.9893380006024,39.3718681108797,"FF",245003,92,"fishing_days"
534,593,2016-06-09 05:09:53,2016-06-09 16:09:53,660,2016,"Jun","Thu",581130.573525855,5861563.8423418,"Shrimp boat",31,4.20608606410499,52.8976295529106,44.7480952880566,"FF",245003,92,"fishing_days"
534,808,2017-04-26 19:05:36,2017-04-26 21:24:12,138.6,2017,"Apr","Wed",582525.250290094,5862933.92919017,"Shrimp boat",31,4.22716208383804,52.909730944817,42.9127323807739,"FF",334094,57,"fishing_days"
534,828,2017-04-29 15:09:08,2017-04-29 19:41:17,272.15,2017,"Apr","Sat",599597.651801819,5868827.57221877,"Shrimp boat",31,4.4827558398937,52.9598014151929,24.9978091831818,"FF",334094,57,"weekend_days"
534,947,2017-05-26 08:25:42,2017-05-26 12:12:10,226.466666666667,2017,"May","Fri",585033.802635027,5871201.95969999,"Shrimp boat",31,4.26662372736892,52.9836472556914,37.8213217775676,"FF",334094,57,"fishing_days"
534,969,2017-06-01 11:00:56,2017-06-01 17:26:32,385.6,2017,"Jun","Thu",583289.73952738,5882290.53096657,"Shrimp boat",31,4.24351561870035,53.0835770664453,38.4648744061555,"FF",334094,57,"fishing_days"
534,972,2017-06-02 03:15:49,2017-06-02 05:36:40,140.85,2017,"Jun","Fri",587246.945558979,5880650.68881273,"Shrimp boat",31,4.30213562456148,53.068207953889,34.4702644539083,"FF",334094,57,"fishing_days"
540,63,2016-11-14 16:50:32,2016-11-14 18:11:35,81.05,2016,"Nov","Mon",569215.786478629,3123726.54206593,"Shrimp boat",29,-8.29448950029636,28.2376173203169,2965.93732896833,"MM",245003,92,"fishing_days"
540,362,2017-02-22 10:53:24,2017-02-22 18:12:26,439.033333333333,2017,"Feb","Wed",355003.789318768,2037426.07310859,"Shrimp boat",28,-16.3728610314198,18.4220184228973,4269.33309466418,"MM",334094,57,"fishing_days"
540,434,2017-03-22 13:20:34,2017-03-22 17:40:34,260,2017,"Mar","Wed",256517.175943769,2297480.27319562,"Shrimp boat",28,-17.3385946947431,20.7611895939851,4063.94470380997,"MM",334094,57,"fishing_days"
540,464,2017-03-28 15:26:58,2017-03-28 17:07:18,100.333333333333,2017,"Mar","Tue",290670.239729018,2308456.22461905,"Shrimp boat",28,-17.0120429040775,20.8644565512663,4040.42120598933,"MM",334094,57,"fishing_days"
540,566,2017-04-14 14:56:00,2017-04-14 17:16:31,140.516666666667,2017,"Apr","Fri",298960.153138097,2318165.509508,"Shrimp boat",28,-16.9335204710163,20.9530551511222,4028.20630659554,"MM",334094,57,"fishing_days"
606,37,2015-02-07 11:25:38,2015-02-07 17:49:24,383.766666666667,2015,"Feb","Sat",611253.639393082,4991151.26521432,"Shrimp boat",30,-1.58682502134948,45.0650791186571,1004.12823110117,"FF",125760,15,"weekend_days"
606,197,2015-04-28 07:36:30,2015-04-28 09:21:30,105,2015,"Apr","Tue",614972.539561773,5874679.692828,"Shrimp boat",31,4.71362480202095,53.0093104197597,8.90155931142997,"FF",125760,15,"fishing_days"
606,251,2015-05-27 03:24:04,2015-05-27 08:24:04,300,2015,"May","Wed",582489.849516775,5888814.84917354,"Trawler",31,4.23325307194623,53.1423364318316,40.1066023712472,"FF",125760,15,"fishing_days"
606,265,2015-05-29 09:26:45,2015-05-29 11:38:12,131.45,2015,"May","Fri",588238.789326093,5890176.88406341,"Shrimp boat",31,4.31955290118678,53.1536558537961,34.8726795089935,"FF",125760,15,"fishing_days"
606,276,2015-06-04 01:22:04,2015-06-04 12:42:05,680.016666666667,2015,"Jun","Thu",572625.467663745,5801281.70499057,"Trawler",31,4.06642037548374,52.357004701632,93.1584678023492,"FF",125760,15,"fishing_days"
606,277,2015-06-04 13:22:05,2015-06-04 19:51:22,389.283333333333,2015,"Jun","Thu",544753.02707826,5795948.63961867,"Trawler",31,3.65647408775543,52.3120456997162,114.2663352649,"FF",125760,15,"fishing_days"
606,574,2016-05-18 01:22:36,2016-05-18 07:22:43,360.116666666667,2016,"May","Wed",585425.699697773,5894532.58980362,"Trawler",31,4.27866009660042,53.1932588530516,38.9366019725848,"FF",245003,92,"fishing_days"
805,77,2015-03-31 07:25:25,2015-03-31 11:46:08,260.716666666667,2015,"Mar","Tue",644263.393249764,4846156.06934889,"Shrimp boat",29,-7.20801232232598,43.7544040765576,1361.12132242223,"MM",125760,15,"fishing_days"
805,711,2018-05-27 16:34:06,2018-05-27 18:39:06,125,2018,"May","Sun",615292.706638096,5874649.94599408,"Trawler",NA,NA,NA,NA,"MM",313014,56,"weekend_days"
806,136,2015-05-04 19:14:18,2015-05-04 22:35:54,201.6,2015,"May","Mon",604139.021160586,5826842.17099876,"Shrimp boat",31,4.53699061107915,52.5816365637612,56.4311310287583,"FF",125760,15,"fishing_days"
871,173,2015-05-27 14:11:02,2015-05-27 18:41:04,270.033333333333,2015,"May","Wed",587045.25093651,5882957.7352802,"Shrimp boat",31,4.29975061785846,53.0889742702511,34.7634274184547,"MM",125760,15,"fishing_days"
871,255,2015-07-01 01:11:12,2015-07-01 18:02:03,1010.85,2015,"Jul","Wed",524281.943837508,5875501.9329405,"Shrimp boat",31,3.36206013109876,53.0284974161812,97.446661372604,"MM",125760,15,"fishing_days"
871,257,2015-07-01 20:57:03,2015-07-02 03:02:03,365,2015,"Jul","Wed",525104.009322347,5878774.70253953,"Shrimp boat",31,3.37457232715845,53.0578789669944,96.5156637268611,"MM",125760,15,"fishing_days"
871,329,2016-04-21 08:10:02,2016-04-21 11:08:21,178.316666666667,2016,"Apr","Thu",566196.859829849,5891487.32661991,"Shrimp boat",31,3.99026425613251,53.1686294785664,56.5752373211007,"MM",245003,92,"fishing_days"
871,339,2016-04-23 09:46:33,2016-04-23 10:45:52,59.3166666666667,2016,"Apr","Sat",615530.894623019,5873838.24344271,"Trawler",31,4.72164185978933,53.0016295164821,9.07548354022118,"MM",245003,92,"weekend_days"
871,358,2016-04-29 03:41:41,2016-04-29 05:36:41,115,2016,"Apr","Fri",614952.500218068,5875195.83419879,"Trawler",NA,NA,NA,NA,"MM",245003,92,"fishing_days"
871,413,2016-05-17 13:40:04,2016-05-17 19:25:29,345.416666666667,2016,"May","Tue",586125.047984929,5889171.05376751,"Shrimp boat",31,4.28768165926973,53.1449624922267,36.6497514020094,"MM",245003,92,"fishing_days"
871,418,2016-05-18 07:10:08,2016-05-18 09:45:04,154.933333333333,2016,"May","Wed",588449.887597882,5892432.21551632,"Shrimp boat",31,4.32333220103826,53.1738890161998,35.3718997340254,"MM",245003,92,"fishing_days"
871,496,2016-06-16 11:02:43,2016-06-16 16:28:07,325.4,2016,"Jun","Thu",588565.783898605,5879643.19851654,"Shrimp boat",31,4.32153604416094,53.0589367184389,33.1622957988486,"MM",245003,92,"fishing_days"
871,533,2016-06-28 11:49:53,2016-06-28 16:31:17,281.4,2016,"Jun","Tue",584195.682271848,5869652.61784935,"Shrimp boat",31,4.25373961667697,52.9698551633979,39.0324375213843,"MM",245003,92,"fishing_days"
871,631,2017-04-19 09:38:13,2017-04-19 19:11:33,573.333333333333,2017,"Apr","Wed",580636.551917258,5868377.98382461,"Trawler",31,4.20043695297959,52.9589464357551,42.7997598218014,"MM",334094,57,"fishing_days"
871,639,2017-04-21 05:40:39,2017-04-21 09:21:46,221.116666666667,2017,"Apr","Fri",582767.126785657,5866258.13966413,"Shrimp boat",31,4.23160558812956,52.9395699789099,41.440239507184,"MM",334094,57,"fishing_days"
871,728,2017-05-31 13:58:46,2017-05-31 20:12:53,374.116666666667,2017,"May","Wed",633171.071082751,5878567.546412,"Shrimp boat",31,4.98630610118088,53.0400225291897,11.5192267905377,"MM",334094,57,"fishing_days"
871,778,2017-06-14 13:28:21,2017-06-14 20:56:55,448.566666666667,2017,"Jun","Wed",607314.480986405,5847262.14623583,"Shrimp boat",31,4.59048953302029,52.7645227858253,36.1870662885857,"MM",334094,57,"fishing_days"
871,793,2017-06-20 03:28:51,2017-06-20 12:23:32,534.683333333333,2017,"Jun","Tue",473567.324581416,5854221.32722522,"Trawler",31,2.60760577134453,52.8370972975884,150.2540195595,"MM",334094,57,"fishing_days"
871,891,2018-05-23 07:52:26,2018-05-23 10:57:26,185,2018,"May","Wed",581211.679205847,5876863.49766036,"Trawler",31,4.21112907680965,53.0351226184541,40.6500917231136,"MM",313014,56,"fishing_days"
871,895,2018-05-24 06:48:14,2018-05-24 14:42:04,473.833333333333,2018,"May","Thu",577137.256322273,5871791.51579217,"Shrimp boat",31,4.14916826065936,52.9901407284448,45.3899736412926,"MM",313014,56,"fishing_days"
871,899,2018-05-25 07:23:14,2018-05-25 11:34:22,251.133333333333,2018,"May","Fri",575830.621394166,5881912.75773479,"Shrimp boat",31,4.13208685021166,53.0812931553741,45.8892503143582,"MM",313014,56,"fishing_days"
5387,144,2016-07-02 08:46:00,2016-07-02 09:29:46,43.7666666666667,2016,"Jul","Sat",615135.24579606,5874612.71570337,"Shrimp boat",31,4.71602481684194,53.008673644632,8.82225603424351,"FF",245003,92,"weekend_days"
5387,186,2016-07-07 14:52:01,2016-07-07 16:16:48,84.7833333333333,2016,"Jul","Thu",615596.563583852,5874035.62413199,"Shrimp boat",31,4.72269059357297,53.0033888844057,8.88744063452491,"FF",245003,92,"fishing_days"
5387,194,2016-07-08 07:52:04,2016-07-08 08:41:30,49.4333333333333,2016,"Jul","Fri",615136.930204092,5874239.55589298,"Shrimp boat",31,4.71591689801743,53.0053202980049,9.07152424482751,"FF",245003,92,"fishing_days"
5387,200,2016-07-09 02:50:07,2016-07-09 03:55:07,65,2016,"Jul","Sat",615119.4367068,5874281.18350357,"Shrimp boat",NA,NA,NA,NA,"FF",245003,92,"weekend_days"
5387,289,2016-07-22 08:10:20,2016-07-22 09:22:50,72.5,2016,"Jul","Fri",614628.382352887,5874773.12654281,"Shrimp boat",31,4.70853091907135,53.0102237456464,9.10811694798171,"FF",245003,92,"fishing_days"
5387,306,2016-07-27 07:18:33,2016-07-27 08:47:35,89.0333333333333,2016,"Jul","Wed",614976.599735808,5874013.28131847,"Trawler",31,4.71344808788165,53.0033215759205,9.34314396496076,"FF",245003,92,"fishing_days"
5387,307,2016-07-27 15:25:25,2016-07-27 18:30:25,185,2016,"Jul","Wed",616719.932633911,5871670.21274814,"Shrimp boat",31,4.73856933894063,52.9818913210648,10.1128177695762,"FF",245003,92,"fishing_days"
5387,323,2016-07-29 15:47:44,2016-07-29 19:37:44,230,2016,"Jul","Fri",619089.165742404,5872613.59421474,"Shrimp boat",31,4.77418866887597,52.98984657686,8.26598530033886,"FF",245003,92,"fishing_days"
5387,328,2016-07-30 09:22:32,2016-07-30 14:02:56,280.4,2016,"Jul","Sat",607163.526072221,5861295.10427767,"Shrimp boat",31,4.59285964980017,52.8906560836974,24.0671576278107,"FF",245003,92,"weekend_days"
5387,331,2016-07-30 22:02:28,2016-07-30 22:37:51,35.3833333333333,2016,"Jul","Sat",612677.464914986,5869280.62604535,"Shrimp boat",31,4.67755276482165,52.9612844832739,14.384415062674,"FF",245003,92,"weekend_days"
5387,333,2016-07-31 05:24:17,2016-07-31 09:28:14,243.95,2016,"Jul","Sun",617922.8486318,5870516.01188293,"Shrimp boat",31,4.75605729070096,52.9712572525237,10.6372175979132,"FF",245003,92,"weekend_days"
5387,373,2016-08-05 09:03:39,2016-08-05 12:13:46,190.116666666667,2016,"Aug","Fri",622080.137773262,5874598.66055332,"Shrimp boat",31,4.81947374008486,53.0070091319314,5.83896881026883,"FF",245003,92,"fishing_days"
5387,377,2016-08-06 03:54:13,2016-08-06 10:53:49,419.6,2016,"Aug","Sat",603104.890706758,5887995.09872646,"Shrimp boat",31,4.54108191231022,53.1313804487302,20.1209264580586,"FF",245003,92,"weekend_days"
5387,395,2016-08-08 11:50:22,2016-08-08 15:09:07,198.75,2016,"Aug","Mon",602037.976349741,5874397.9647338,"Shrimp boat",31,4.52082962849846,53.0093999155237,20.6078482077005,"FF",245003,92,"fishing_days"
5387,404,2016-08-09 18:21:52,2016-08-09 19:02:56,41.0666666666667,2016,"Aug","Tue",614951.279233257,5874325.57674468,"Shrimp boat",31,4.71318205364119,53.0061331108388,9.15020350050241,"FF",245003,92,"fishing_days"
5387,419,2016-08-11 09:13:37,2016-08-11 11:54:39,161.033333333333,2016,"Aug","Thu",605495.58248434,5886978.84950646,"Trawler",31,4.57646605016297,53.1217808733728,17.5274462098325,"FF",245003,92,"fishing_days"
5387,433,2016-08-13 05:43:27,2016-08-13 12:22:43,399.266666666667,2016,"Aug","Sat",603286.374678859,5884389.23895297,"Shrimp boat",31,4.54263296254526,53.098943090798,18.8810980904944,"FF",245003,92,"weekend_days"
5387,438,2016-08-14 04:15:23,2016-08-14 08:16:50,241.45,2016,"Aug","Sun",596421.017327372,5877440.70453498,"Trawler",31,4.43805024583174,53.0377846373758,25.487792971922,"FF",245003,92,"weekend_days"
5387,463,2016-08-17 04:53:25,2016-08-17 05:34:49,41.4,2016,"Aug","Wed",615022.472581489,5874416.3861724,"Shrimp boat",31,4.71427490423066,53.0069337828754,9.03668551062264,"FF",245003,92,"fishing_days"
5387,474,2016-08-18 05:45:47,2016-08-18 08:39:38,173.85,2016,"Aug","Thu",598525.715218659,5888145.87317435,"Trawler",31,4.47270981191653,53.1336013379072,24.4634283730146,"FF",245003,92,"fishing_days"
5387,493,2016-08-20 05:13:16,2016-08-20 06:01:27,48.1833333333333,2016,"Aug","Sat",615159.223125676,5874319.2720875,"Shrimp boat",31,4.7162773905168,53.0060317855015,9.00094110935232,"FF",245003,92,"weekend_days"
5387,500,2016-08-21 10:21:16,2016-08-21 13:30:50,189.566666666667,2016,"Aug","Sun",599991.310316393,5882635.25704002,"Trawler",31,4.49289241957662,53.0838088932197,21.8608795076182,"FF",245003,92,"weekend_days"
5387,527,2016-08-25 04:45:37,2016-08-25 08:11:16,205.65,2016,"Aug","Thu",606143.262644741,5868751.14786776,"Shrimp boat",31,4.58013908388297,52.957859404856,19.4948428828757,"FF",245003,92,"fishing_days"
5390,11,2016-06-07 03:11:11,2016-06-07 09:36:11,385,2016,"Jun","Tue",495615.426764016,5851325.80394538,"Shrimp boat",31,2.93494889374778,52.8116980404565,129.260758818351,"MM",245003,92,"fishing_days"
5390,21,2016-06-09 08:17:33,2016-06-09 15:54:54,457.35,2016,"Jun","Thu",580528.083262465,5861640.67630961,"Shrimp boat",31,4.19715062572161,52.8984106936171,45.2621251665729,"MM",245003,92,"fishing_days"
5390,31,2016-06-11 06:55:57,2016-06-11 09:01:47,125.833333333333,2016,"Jun","Sat",618416.814352407,5872040.59229703,"Trawler",31,4.76396737094357,52.9848470537675,9.03734393335748,"MM",245003,92,"weekend_days"
5390,46,2016-06-13 07:12:39,2016-06-13 08:27:18,74.65,2016,"Jun","Mon",623982.778224418,5872168.20509606,"Trawler",31,4.84688232850315,52.9847349579727,8.5504226935635,"MM",245003,92,"fishing_days"
5390,53,2016-06-14 05:06:37,2016-06-14 09:25:48,259.183333333333,2016,"Jun","Tue",622741.898736178,5873250.20291695,"Shrimp boat",31,4.82881889616983,52.9947421817698,7.24430192997884,"MM",245003,92,"fishing_days"
5390,63,2016-06-16 08:09:11,2016-06-16 12:39:07,269.933333333333,2016,"Jun","Thu",586898.900649397,5880365.38026008,"Shrimp boat",31,4.29686557882828,53.0657005983614,34.8169714394892,"MM",245003,92,"fishing_days"
5390,175,2016-07-10 22:00:09,2016-07-10 23:23:47,83.6333333333333,2016,"Jul","Sun",615934.041142494,5873331.13761735,"Shrimp boat",31,4.72746464861233,52.996985888064,9.18980767018213,"MM",245003,92,"weekend_days"
5390,202,2016-07-15 22:11:37,2016-07-15 23:17:05,65.4666666666667,2016,"Jul","Fri",615645.355576263,5873260.57137762,"Shrimp boat",31,4.72313999448632,52.9964142223425,9.42898021672855,"MM",245003,92,"fishing_days"
5390,230,2016-07-19 13:22:12,2016-07-19 14:07:29,45.2833333333333,2016,"Jul","Tue",615378.404664958,5874512.38651811,"Shrimp boat",31,4.71961133939963,53.0077198126037,8.70916091808668,"MM",245003,92,"fishing_days"
5390,234,2016-07-20 02:11:40,2016-07-20 03:27:29,75.8166666666667,2016,"Jul","Wed",605396.505222573,5867376.02382791,"Trawler",31,4.56857955073383,52.9456495951738,20.926174332343,"MM",245003,92,"fishing_days"
5390,250,2016-07-21 21:08:27,2016-07-21 22:03:07,54.6666666666667,2016,"Jul","Thu",615040.205777029,5873814.5500876,"Trawler",31,4.71432476024687,53.0015222380014,9.4354234799621,"MM",245003,92,"fishing_days"
5390,255,2016-07-22 09:13:07,2016-07-22 11:07:01,113.9,2016,"Jul","Fri",505382.081762405,5839343.29132219,"Shrimp boat",31,3.07965373611463,52.7039687310733,123.246306677013,"MM",245003,92,"fishing_days"
5390,290,2016-07-29 10:47:11,2016-07-29 11:21:03,33.8666666666667,2016,"Jul","Fri",493134.630617553,5872755.23650176,"Shrimp boat",31,2.89769011126506,53.004313246425,128.644260022704,"MM",245003,92,"fishing_days"
5390,328,2016-10-11 03:14:51,2016-10-11 10:24:25,429.566666666667,2016,"Oct","Tue",481725.260041423,4606740.60294364,"Shrimp boat",29,-9.21933561616377,41.6121700951563,1650.8247184281,"MM",245003,92,"fishing_days"
5390,360,2016-10-19 15:02:48,2016-10-19 16:54:34,111.766666666667,2016,"Oct","Wed",403133.326218558,4064535.82568533,"Shrimp boat",30,-4.08472154819257,36.7215841979749,1945.96545103492,"MM",245003,92,"fishing_days"
5390,368,2016-10-20 13:44:34,2016-10-20 16:49:34,185,2016,"Oct","Thu",404120.563554417,4065070.54753926,"Shrimp boat",30,-4.07373524380544,36.7265040121984,1945.14130534875,"MM",245003,92,"fishing_days"
5390,433,2017-03-11 22:05:30,2017-03-12 04:35:30,390,2017,"Mar","Sat",510078.146935537,5841938.5020631,"Shrimp boat",NA,NA,NA,NA,"MM",334094,57,"weekend_days"
5390,495,2017-04-06 13:13:54,2017-04-06 17:56:15,282.35,2017,"Apr","Thu",538805.613923933,5850074.67457698,"Trawler",31,3.57556987873492,52.7990728632675,88.2152345555848,"MM",334094,57,"fishing_days"
5390,662,2017-05-22 15:03:19,2017-05-22 16:22:34,79.25,2017,"May","Mon",635506.09836553,5881333.62078899,"Trawler",31,5.02227403690205,53.064285817198,13.7280917780864,"MM",334094,57,"fishing_days"
5390,667,2017-05-24 08:42:56,2017-05-24 10:43:43,120.783333333333,2017,"May","Wed",634413.980710892,5879917.91126596,"Shrimp boat",31,5.00539550464147,53.0518431204949,12.6185906854347,"MM",334094,57,"fishing_days"
5390,766,2017-06-21 20:19:10,2017-06-21 22:04:06,104.933333333333,2017,"Jun","Wed",541655.762589219,5902236.21529069,"Shrimp boat",31,3.62457926059974,53.2677326386912,82.9037776430262,"MM",334094,57,"fishing_days"
5390,781,2017-06-23 22:17:30,2017-06-24 00:21:14,123.733333333333,2017,"Jun","Fri",541810.848039381,5902271.94376351,"Trawler",31,3.62690913020281,53.2680415818951,82.7638727449872,"MM",334094,57,"fishing_days"
5390,804,2017-06-29 12:10:10,2017-06-29 19:05:19,415.15,2017,"Jun","Thu",472954.710575459,5930989.19242785,"Shrimp boat",31,2.59201552425914,53.5271278130033,156.938815135932,"MM",334094,57,"fishing_days"
5390,852,2017-07-11 01:24:16,2017-07-11 11:29:16,605,2017,"Jul","Tue",500566.003074112,5868321.88101583,"Shrimp boat",31,3.00842700386425,52.9645035110603,121.601190243498,"MM",334094,57,"fishing_days"
5390,880,2017-07-17 03:28:57,2017-07-17 08:48:25,319.466666666667,2017,"Jul","Mon",603925.460288878,5859350.02010736,"Shrimp boat",31,4.54412778055144,52.8738124348439,27.6090981022138,"MM",334094,57,"fishing_days"
5390,911,2017-07-24 11:13:40,2017-07-24 15:03:31,229.85,2017,"Jul","Mon",575721.963564352,5857688.32470596,"Trawler",31,4.12479747011,52.8635859156348,51.2935363022991,"MM",334094,57,"fishing_days"
5390,1001,2017-11-10 05:53:29,2017-11-10 14:58:13,544.733333333333,2017,"Nov","Fri",386666.867236116,4062148.61544559,"Shrimp boat",30,-4.26872256477903,36.6982461039632,1953.55975020212,"MM",334094,57,"fishing_days"
5391,146,2016-07-03 09:29:49,2016-07-03 15:56:26,386.616666666667,2016,"Jul","Sun",548176.721213371,5971871.14897552,"Trawler",31,3.73309480354684,53.8930470850811,117.343291664368,"FF",245003,92,"weekend_days"
5391,189,2016-07-10 10:44:57,2016-07-10 15:11:51,266.9,2016,"Jul","Sun",602453.616821898,5851854.65678417,"Trawler",31,4.51991347851407,52.8067375960946,34.486317124908,"FF",245003,92,"weekend_days"
5391,244,2016-07-18 18:03:18,2016-07-18 21:43:05,219.783333333333,2016,"Jul","Mon",533519.773290791,5930121.80537073,"Trawler",31,3.50555696105172,53.5189583733962,101.166087570802,"FF",245003,92,"fishing_days"
5391,266,2016-07-21 09:12:24,2016-07-21 14:36:00,323.6,2016,"Jul","Thu",526093.688284676,5931786.88769055,"Trawler",31,3.39369622310414,53.5343459432714,108.462913555484,"FF",245003,92,"fishing_days"
5391,325,2016-07-30 04:33:38,2016-07-30 08:18:55,225.283333333333,2016,"Jul","Sat",603899.031855918,5855475.77297831,"Trawler",31,4.54250013636793,52.8390020595381,30.6873130816512,"FF",245003,92,"weekend_days"
5391,335,2016-07-31 23:25:08,2016-08-01 08:45:02,559.9,2016,"Jul","Sun",598788.814689286,5820047.39846481,"Shrimp boat",31,4.45603231535802,52.5215689006903,64.6243723789413,"FF",245003,92,"weekend_days"
5391,337,2016-08-01 11:00:08,2016-08-01 12:00:13,60.0833333333333,2016,"Aug","Mon",607609.817350187,5822383.84853127,"Shrimp boat",31,4.58674848653831,52.5408954260061,59.7722856963358,"FF",245003,92,"fishing_days"
5391,359,2016-08-05 13:39:04,2016-08-05 14:35:29,56.4166666666667,2016,"Aug","Fri",606743.203111977,5873676.4219184,"Shrimp boat",31,4.59069158740962,53.0019988633367,16.4584201758752,"FF",245003,92,"fishing_days"
5391,368,2016-08-07 08:07:36,2016-08-07 08:52:08,44.5333333333333,2016,"Aug","Sun",615083.798359282,5874604.49909741,"Shrimp boat",31,4.71525547005241,53.0086108746869,8.86632442616643,"FF",245003,92,"weekend_days"
5391,401,2016-08-12 05:34:31,2016-08-12 08:43:36,189.083333333333,2016,"Aug","Fri",606956.048251735,5884015.13981105,"Shrimp boat",31,4.59729391949419,53.0948587573297,15.2266678707995,"FF",245003,92,"fishing_days"
5391,422,2016-08-15 06:53:03,2016-08-15 10:46:38,233.583333333333,2016,"Aug","Mon",592418.941694709,5876206.20937736,"Shrimp boat",31,4.37802767941052,53.0273969584289,29.6093211717586,"FF",245003,92,"fishing_days"
5391,466,2016-08-20 08:27:37,2016-08-20 09:43:13,75.6,2016,"Aug","Sat",615150.848021852,5874320.10775473,"Shrimp boat",31,4.71615293107829,53.0060410951923,9.00651323219255,"FF",245003,92,"weekend_days"
5391,530,2016-08-29 08:32:17,2016-08-29 11:38:43,186.433333333333,2016,"Aug","Mon",535562.577968617,5130321.86548796,"Shrimp boat",30,-2.53800983574178,46.3255392041807,916.825250370158,"FF",245003,92,"fishing_days"
5391,532,2016-08-29 13:07:17,2016-08-29 15:45:50,158.55,2016,"Aug","Mon",538033.462151741,5133587.19239408,"Shrimp boat",30,-2.50564720287449,46.3547912283951,912.742638389202,"FF",245003,92,"fishing_days"
5391,722,2016-09-22 12:07:50,2016-09-22 13:22:50,75,2016,"Sep","Thu",370359.624249187,4059842.92019091,"Shrimp boat",30,-4.45083594648563,36.6753821426463,1961.13152679448,"FF",245003,92,"fishing_days"
5391,1248,2017-04-07 14:31:10,2017-04-07 19:31:17,300.116666666667,2017,"Apr","Fri",587543.706665779,5855268.23243097,"Trawler",31,4.29970540418045,52.8400428843452,42.4421092392156,"FF",334094,57,"fishing_days"
5391,1266,2017-04-10 14:15:30,2017-04-10 18:41:01,265.516666666667,2017,"Apr","Mon",584369.680279446,5825348.96087589,"Shrimp boat",31,4.24491784241376,52.5716426662021,66.5673373236404,"FF",334094,57,"fishing_days"
5391,1287,2017-04-13 16:09:57,2017-04-13 17:25:24,75.45,2017,"Apr","Thu",586856.096589491,5854434.40888106,"Trawler",31,4.28927776350748,52.8326602779018,43.4903103706572,"FF",334094,57,"fishing_days"
5391,1542,2017-07-13 08:56:55,2017-07-13 12:01:44,184.816666666667,2017,"Jul","Thu",553316.971501883,5123325.64710942,"Shrimp boat",30,-2.30817170583865,46.2614142345431,913.515317668088,"FF",334094,57,"fishing_days"
5391,1565,2017-07-21 04:32:19,2017-07-21 07:07:38,155.316666666667,2017,"Jul","Fri",608886.886931168,4093476.75679504,"Shrimp boat",29,-7.77655120239762,36.9811147035008,2039.01872495148,"FF",334094,57,"fishing_days"
5391,1934,2018-05-07 15:00:41,2018-05-07 21:25:49,385.133333333333,2018,"May","Mon",582469.439152613,5870531.94781076,"Trawler",31,4.22826509898691,52.9780263371645,40.4671839082928,"FF",313014,56,"fishing_days"
5391,1936,2018-05-08 03:45:49,2018-05-08 12:40:49,535,2018,"May","Tue",582305.661204323,5865099.45724504,"Trawler",31,4.22444653973764,52.9292273046343,42.2798666385748,"FF",313014,56,"fishing_days"
5391,1954,2018-05-10 13:54:00,2018-05-10 20:18:04,384.066666666667,2018,"May","Thu",552089.285226585,5834451.64286633,"Trawler",31,3.77009967691187,52.6575179592427,83.3969208172442,"FF",313014,56,"fishing_days"
5391,2063,2018-05-31 13:16:42,2018-05-31 13:57:02,40.3333333333333,2018,"May","Thu",624796.030772879,5872292.23888967,"Shrimp boat",31,4.85903768264374,52.9856606187555,8.67765091081701,"FF",313014,56,"fishing_days"
5391,2172,2018-07-02 04:51:54,2018-07-02 12:17:30,445.6,2018,"Jul","Mon",450879.229411501,5858625.19962476,"Shrimp boat",31,2.27015911577387,52.8750925365761,171.985943562679,"FF",313014,56,"fishing_days"
5391,2175,2018-07-02 16:06:10,2018-07-03 00:56:54,530.733333333333,2018,"Jul","Mon",450208.641436779,5847832.29622378,"Shrimp boat",31,2.26184249764865,52.7780140688867,174.344265373439,"FF",313014,56,"fishing_days"
5391,2179,2018-07-03 11:02:36,2018-07-03 15:31:54,269.3,2018,"Jul","Tue",444922.173811527,5838073.00859263,"Trawler",31,2.18511631477511,52.6897751650578,181.559559007508,"FF",313014,56,"fishing_days"
5391,2354,2018-07-31 13:35:21,2018-07-31 15:04:57,89.6,2018,"Jul","Tue",615211.336376576,5874180.80269436,"Shrimp boat",31,4.71700429610113,53.0047763762255,9.0578344678347,"FF",313014,56,"fishing_days"
5391,2400,2018-08-08 16:56:53,2018-08-08 19:45:24,168.516666666667,2018,"Aug","Wed",588687.465239734,5858608.85291139,"Shrimp boat",31,4.31759021480454,52.869878877609,39.5919000797747,"FF",313014,56,"fishing_days"
5391,2416,2018-08-17 02:34:06,2018-08-17 05:14:28,160.366666666667,2018,"Aug","Fri",462428.802568783,5496405.30740975,"Shrimp boat",31,2.4798511302534,49.6190415104927,415.993261430455,"FF",313014,56,"fishing_days"
5391,2791,2019-06-03 11:39:29,2019-06-03 18:33:01,413.533333333333,2019,"Jun","Mon",561131.577011945,5916347.20154302,"Trawler",31,3.91928436914434,53.3926721096194,70.404752940588,"FF",414936,62,"fishing_days"
5391,2798,2019-06-04 08:58:32,2019-06-04 13:38:01,279.483333333333,2019,"Jun","Tue",562674.2483591,5919326.87503071,"Trawler",31,3.94307145492213,53.4192713678973,70.6820606605091,"FF",414936,62,"fishing_days"
5391,2872,2019-06-26 05:53:43,2019-06-26 08:23:43,150,2019,"Jun","Wed",615029.681256128,5874223.07274265,"Shrimp boat",31,4.71431345053374,53.0051952371835,9.16122618865479,"FF",414936,62,"fishing_days"
5391,3000,2019-07-21 23:55:15,2019-07-22 03:21:33,206.3,2019,"Jul","Sun",613534.297027874,5875065.07600697,"Shrimp boat",31,4.69233407952921,53.0130801584252,9.82457087138708,"FF",414936,62,"weekend_days"
5392,43,2016-06-18 07:06:39,2016-06-18 08:47:27,100.8,2016,"Jun","Sat",576916.260074214,5858358.97562209,"Trawler",31,4.14269248237084,52.8694442832968,49.9275171764285,"MM",245003,92,"weekend_days"
5392,77,2016-06-26 06:12:30,2016-06-26 11:03:34,291.066666666667,2016,"Jun","Sun",577095.531824505,5858740.34062845,"Shrimp boat",31,4.14544551869269,52.8728462735683,49.5989837604838,"MM",245003,92,"weekend_days"
5392,80,2016-06-26 15:02:49,2016-06-26 16:12:33,69.7333333333333,2016,"Jun","Sun",576776.491689978,5858431.52371526,"Shrimp boat",31,4.14063359317498,52.8701162931915,50.0207124976364,"MM",245003,92,"weekend_days"
5392,131,2016-07-12 16:59:31,2016-07-12 22:15:35,316.066666666667,2016,"Jul","Tue",610569.189570667,5857573.10662518,"Shrimp boat",31,4.6421944457017,52.8565210409377,25.456541808545,"MM",245003,92,"fishing_days"
5392,143,2016-07-15 11:03:20,2016-07-15 13:38:22,155.033333333333,2016,"Jul","Fri",576809.788990321,5858742.40369975,"Shrimp boat",31,4.14120150671657,52.8729056814785,49.8547290290746,"MM",245003,92,"fishing_days"
5392,146,2016-07-16 06:16:05,2016-07-16 07:54:41,98.6,2016,"Jul","Sat",576971.503887943,5858435.7472901,"Shrimp boat",31,4.14353117078171,52.8701263957071,49.8441109857279,"MM",245003,92,"weekend_days"
5392,154,2016-07-17 08:19:36,2016-07-17 10:59:35,159.983333333333,2016,"Jul","Sun",576866.524973286,5858588.77483874,"Trawler",31,4.14200800917163,52.8715167882417,49.8708937095443,"MM",245003,92,"weekend_days"
5392,226,2016-07-31 17:19:42,2016-07-31 18:11:09,51.45,2016,"Jul","Sun",577773.138725533,5858602.16221359,"Trawler",31,4.15547782065565,52.8715068404133,49.0530304441895,"MM",245003,92,"weekend_days"
5392,252,2016-08-05 08:14:36,2016-08-05 09:05:40,51.0666666666667,2016,"Aug","Fri",577801.00642003,5858674.58819944,"Trawler",31,4.15590906623653,52.8721537617833,48.9958932543207,"MM",245003,92,"fishing_days"
5392,258,2016-08-06 09:29:46,2016-08-06 11:39:34,129.8,2016,"Aug","Sat",597355.062244402,5867484.43384293,"Shrimp boat",31,4.44897761807198,52.9481428461459,27.6046123516121,"MM",245003,92,"weekend_days"
5392,274,2016-08-10 14:37:05,2016-08-10 17:07:25,150.333333333333,2016,"Aug","Wed",598237.801441135,5855547.3895369,"Trawler",31,4.45850480720248,52.8407077120822,34.2310047772524,"MM",245003,92,"fishing_days"
5393,35,2016-06-24 15:44:10,2016-06-24 19:09:13,205.05,2016,"Jun","Fri",567223.647287705,5886762.30334573,"Trawler",31,4.00463014312353,53.1260331422798,54.8246893567235,"MM",245003,92,"fishing_days"
5393,48,2016-06-27 15:08:16,2016-06-27 17:18:16,130,2016,"Jun","Mon",616392.065834466,5871177.81315102,"Trawler",31,4.733510994821,52.9775382385395,10.7031096174239,"MM",245003,92,"fishing_days"
5393,89,2016-07-12 06:08:23,2016-07-12 08:58:23,170,2016,"Jul","Tue",602219.903273015,5854188.42895306,"Trawler",31,4.51717793172106,52.827754512101,32.7155842831245,"MM",245003,92,"fishing_days"
5393,122,2016-07-22 09:19:42,2016-07-22 12:14:27,174.75,2016,"Jul","Fri",602255.635259015,5855926.88177326,"Shrimp boat",31,4.51825286156999,52.8433703801698,31.3148468487659,"MM",245003,92,"fishing_days"
5393,257,2017-03-02 04:19:38,2017-03-02 08:06:15,226.616666666667,2017,"Mar","Thu",672189.611665658,4107136.15207857,"Trawler",29,-7.0624603425896,37.0947176427699,2001.52959290377,"MM",334094,57,"fishing_days"
5393,287,2017-03-10 03:54:37,2017-03-10 06:39:11,164.566666666667,2017,"Mar","Fri",641494.692074268,4108741.51568087,"Shrimp boat",29,-7.40741305100578,37.1143233066617,2011.9531785491,"MM",334094,57,"fishing_days"
5393,321,2017-03-18 01:53:36,2017-03-18 03:23:43,90.1166666666667,2017,"Mar","Sat",598875.569767564,4090344.9331843,"Shrimp boat",29,-7.88942792665339,36.9539941476532,2045.95878021534,"MM",334094,57,"weekend_days"
5393,1212,2019-04-15 20:52:50,2019-04-15 23:07:25,134.583333333333,2019,"Apr","Mon",608719.967661412,5868584.4780462,"Shrimp boat",31,4.61842566696851,52.9558457129658,17.6155495622264,"MM",414936,62,"fishing_days"
5416,6,2016-06-13 10:15:28,2016-06-13 12:15:28,120,2016,"Jun","Mon",602213.779287647,5861676.71357744,"Shrimp boat",31,4.5194363472182,52.8950490114716,27.0797744992484,"MM",245003,92,"fishing_days"
5416,17,2016-06-16 08:52:33,2016-06-16 14:25:50,333.283333333333,2016,"Jun","Thu",613221.262198367,5863329.19043825,"Shrimp boat",31,4.6835679312074,52.907692509839,19.1207898607256,"MM",245003,92,"fishing_days"
5416,345,2016-08-02 10:15:36,2016-08-02 15:45:21,329.75,2016,"Aug","Tue",595897.248401717,5958883.85283737,"Shrimp boat",31,4.45500267440073,53.7697241952747,82.6394516463722,"MM",245003,92,"fishing_days"
5416,436,2016-08-18 08:03:18,2016-08-18 11:43:18,220,2016,"Aug","Thu",494897.811484575,4437441.89011298,"Shrimp boat",29,-9.05984903569368,40.0872408612009,1785.79882023424,"MM",245003,92,"fishing_days"
5416,626,2016-10-02 18:52:30,2016-10-02 19:52:30,60,2016,"Oct","Sun",403723.977217092,2616868.35344872,"Shrimp boat",28,-15.944068611056,23.6596873930815,3710.84119742193,"MM",245003,92,"weekend_days"
5416,801,2016-11-02 10:42:19,2016-11-02 14:32:19,230,2016,"Nov","Wed",397768.56856383,2623850.14235696,"Shrimp boat",28,-16.0029412453225,23.7223750710469,3706.74144987569,"MM",245003,92,"fishing_days"
5416,843,2016-11-14 12:58:28,2016-11-14 14:21:25,82.95,2016,"Nov","Mon",398423.713717962,2613726.24952304,"Shrimp boat",28,-15.9958215042114,23.630984742494,3715.83328412851,"MM",245003,92,"fishing_days"
5416,1655,2017-06-29 04:10:07,2017-06-29 08:05:14,235.116666666667,2017,"Jun","Thu",633776.465438666,5901782.46096621,"Shrimp boat",31,5.0050228020747,53.2484279766186,24.4896988672288,"MM",334094,57,"fishing_days"
5416,1728,2017-07-11 03:05:32,2017-07-11 04:24:29,78.95,2017,"Jul","Tue",633741.312583002,5901417.25613252,"Shrimp boat",31,5.00434291081387,53.2451559975606,24.1542703756495,"MM",334094,57,"fishing_days"
5416,1795,2017-07-23 04:43:07,2017-07-23 07:12:25,149.3,2017,"Jul","Sun",626263.77303007,5906350.51859667,"Shrimp boat",31,4.89430674351649,53.2913079373292,26.3184093768543,"MM",334094,57,"weekend_days"
5416,1821,2017-07-27 15:59:23,2017-07-27 19:28:24,209.016666666667,2017,"Jul","Thu",588872.850876473,5849042.32162537,"Shrimp boat",31,4.31773933281574,52.7838709156447,45.4403332839105,"MM",334094,57,"fishing_days"
5416,2178,2017-12-21 04:03:18,2017-12-21 06:28:18,145,2017,"Dec","Thu",400482.777357687,2613346.05199292,"Shrimp boat",28,-15.9756119597738,23.627679280568,3715.3727878266,"MM",334094,57,"fishing_days"
5416,2269,2018-01-12 07:36:31,2018-01-12 08:31:31,55,2018,"Jan","Fri",288983.48600482,2313742.02417122,"Shrimp boat",28,-17.0288894868094,20.9119963680297,4036.18335531539,"MM",313014,56,"fishing_days"
5416,2536,2018-08-04 16:43:31,2018-08-04 19:24:35,161.066666666667,2018,"Aug","Sat",591913.697649595,5840897.60533089,"Shrimp boat",31,4.36053079243478,52.710162917488,49.5262773087902,"MM",313014,56,"weekend_days"
5416,2560,2018-08-08 11:44:49,2018-08-08 15:24:00,219.183333333333,2018,"Aug","Wed",592809.592009945,5849797.51502412,"Trawler",31,4.37630656707382,52.7899954831482,42.1337238129375,"MM",313014,56,"fishing_days"
5416,2879,2018-11-21 13:10:59,2018-11-21 14:45:59,95,2018,"Nov","Wed",403133.829292347,2615766.81088899,"Shrimp boat",NA,NA,NA,NA,"MM",313014,56,"fishing_days"
5416,3078,2019-01-03 06:53:07,2019-01-03 13:19:10,386.05,2019,"Jan","Thu",255312.828366612,2204944.48373817,"Shrimp boat",28,-17.3375499949785,19.9255505870677,4150.0417725487,"MM",414936,62,"fishing_days"
5416,3284,2019-06-23 07:00:41,2019-06-23 09:36:08,155.45,2019,"Jun","Sun",605045.686816779,5844437.408191,"Shrimp boat",31,4.55597291222996,52.7395842596765,39.6935103646018,"MM",414936,62,"weekend_days"
5416,3286,2019-06-23 10:46:30,2019-06-23 14:02:35,196.083333333333,2019,"Jun","Sun",604995.180026829,5843277.42634653,"Trawler",31,4.55485406729441,52.7291698686744,40.7700123896794,"MM",414936,62,"weekend_days"
5416,3293,2019-06-25 06:02:00,2019-06-25 15:06:01,544.016666666667,2019,"Jun","Tue",601476.672082259,5853191.57545628,"Shrimp boat",31,4.5058410596498,52.8189366446712,33.9586062033138,"MM",414936,62,"fishing_days"
5416,3299,2019-06-27 06:40:47,2019-06-27 11:36:54,296.116666666667,2019,"Jun","Thu",607851.941924116,5862969.23261589,"Shrimp boat",31,4.60364317241978,52.905562278532,22.3234117975114,"MM",414936,62,"fishing_days"
5416,3355,2019-07-23 12:37:21,2019-07-23 20:53:01,495.666666666667,2019,"Jul","Tue",598925.443822124,5839576.0791586,"Shrimp boat",31,4.46388737640771,52.697050332335,46.8071603543417,"MM",414936,62,"fishing_days"
5416,3358,2019-07-24 02:28:29,2019-07-24 05:46:50,198.35,2019,"Jul","Wed",599760.832400349,5843347.64147426,"Trawler",31,4.47738973031656,52.7307916438166,43.1198535240462,"MM",414936,62,"fishing_days"
5416,3360,2019-07-24 09:52:21,2019-07-24 15:32:21,340,2019,"Jul","Wed",598664.113805416,5838358.60425989,"Shrimp boat",31,4.45965660271829,52.6861565882842,47.9994050649189,"MM",414936,62,"fishing_days"
5416,3379,2019-07-28 09:48:06,2019-07-28 12:37:44,169.633333333333,2019,"Jul","Sun",608730.874396468,5876053.69011373,"Shrimp boat",31,4.62109960953825,53.0229607284704,13.7403491618166,"MM",414936,62,"weekend_days"
5416,3565,2019-10-27 13:24:30,2019-10-27 15:20:19,115.816666666667,2019,"Oct","Sun",402913.926512785,2615487.23282148,"Shrimp boat",28,-15.951920729302,23.6471652996806,3712.43653086977,"MM",414936,62,"weekend_days"
5416,3760,2020-01-05 13:54:25,2020-01-05 18:09:25,255,2020,"Jan","Sun",267731.633972896,2294755.24270296,"Shrimp boat",28,-17.2305845307899,20.738017252705,4062.05607813752,"MM",529679,67,"weekend_days"
5416,3770,2020-01-06 15:34:25,2020-01-06 21:34:25,360,2020,"Jan","Mon",343809.291400653,2103060.13828561,"Shrimp boat",NA,NA,NA,NA,"MM",529679,67,"fishing_days"
5416,4025,2020-06-27 02:25:50,2020-06-27 06:35:44,249.9,2020,"Jun","Sat",607654.607163316,5867342.33698387,"Shrimp boat",31,4.60216071583511,52.9448986865835,19.2393684295182,"MM",529679,67,"weekend_days"
5472,33,2017-06-01 16:16:17,2017-06-01 18:15:36,119.316666666667,2017,"Jun","Thu",608800.546936919,5838502.1526775,"Trawler",31,4.60960302571425,52.6855056648722,43.9019375204147,"MM",334094,57,"fishing_days"
5472,48,2017-06-04 06:13:42,2017-06-04 11:40:06,326.4,2017,"Jun","Sun",589621.512476252,5810177.82753591,"Trawler",31,4.31830358905228,52.4344476311113,77.271015056319,"MM",334094,57,"weekend_days"
5472,53,2017-06-05 04:57:03,2017-06-05 08:37:34,220.516666666667,2017,"Jun","Mon",603596.642500835,5836232.81709259,"Trawler",31,4.53193310614105,52.666131962291,47.7972932299178,"MM",334094,57,"fishing_days"
5472,68,2017-06-11 10:04:50,2017-06-11 12:35:55,151.083333333333,2017,"Jun","Sun",601731.986654544,5852647.04172999,"Shrimp boat",31,4.50945873490388,52.8139950295383,34.2478134000232,"MM",334094,57,"weekend_days"
5472,74,2017-06-13 09:07:55,2017-06-13 13:49:06,281.183333333333,2017,"Jun","Tue",612903.161145469,5856900.23839269,"Shrimp boat",31,4.67660995261664,52.8499904266851,25.1509949963259,"MM",334094,57,"fishing_days"
5496,17,2017-06-01 04:00:25,2017-06-01 05:31:13,90.8,2017,"Jun","Thu",613173.652540947,5862477.20658561,"Shrimp boat",31,4.68256363287887,52.9000468694279,19.9075132775656,"MM",334094,57,"fishing_days"
5586,9,2017-05-30 23:10:51,2017-05-31 00:26:04,75.2166666666667,2017,"May","Tue",614396.98241211,5874892.49797271,"Trawler",31,4.70512586927113,53.0113458372263,9.21801679276876,"MM",334094,57,"fishing_days"
5592,63,2017-07-07 05:46:07,2017-07-07 11:33:15,347.133333333333,2017,"Jul","Fri",602928.55996617,5838583.54344038,"Shrimp boat",31,4.52279224351389,52.6873846003568,45.8993865900414,"FF",334094,57,"fishing_days"
5592,80,2017-07-14 07:35:04,2017-07-14 12:30:17,295.216666666667,2017,"Jul","Fri",610627.145408476,5877066.89829877,"Shrimp boat",31,4.64970639156201,53.0316764697628,11.6289867255418,"FF",334094,57,"fishing_days"
5592,97,2017-07-18 15:58:20,2017-07-18 18:27:22,149.033333333333,2017,"Jul","Tue",608712.335626591,5861804.8487423,"Shrimp boat",31,4.61604136218239,52.8949257813951,22.7431100601828,"FF",334094,57,"fishing_days"
5592,133,2017-07-26 03:48:36,2017-07-26 07:27:54,219.3,2017,"Jul","Wed",602630.231810334,5876930.98843364,"Shrimp boat",31,4.53045898390435,53.0320489601668,19.4317450175677,"FF",334094,57,"fishing_days"
5592,136,2017-07-27 11:29:18,2017-07-27 19:06:23,457.083333333333,2017,"Jul","Thu",607762.175529085,5872839.22205229,"Shrimp boat",31,4.60559071321108,52.9942718229106,15.9184989606963,"FF",334094,57,"fishing_days"
5592,164,2018-03-25 04:38:39,2018-03-25 06:08:22,89.7166666666667,2018,"Mar","Sun",615063.434993117,5874243.71235855,"Shrimp boat",31,4.71482359552596,53.0053734412285,9.12246124566794,"FF",313014,56,"weekend_days"
5592,187,2018-04-03 03:44:34,2018-04-03 05:28:45,104.183333333333,2018,"Apr","Tue",615081.239307857,5874235.03495792,"Shrimp boat",31,4.71508571727796,53.0052916457651,9.11530698415649,"FF",313014,56,"fishing_days"
5592,523,2019-03-20 14:21:17,2019-03-20 16:12:35,111.3,2019,"Mar","Wed",615147.145107271,5874205.41300987,"Shrimp boat",31,4.71605688901677,53.0050113147764,9.08743713146582,"FF",414936,62,"fishing_days"
5593,22,2017-06-19 16:08:49,2017-06-19 17:42:48,93.9833333333333,2017,"Jun","Mon",476880.256649846,5851091.31595007,"Shrimp boat",31,2.65700698964016,52.8091122995028,147.5895769576,"FF",334094,57,"fishing_days"
5593,46,2017-06-22 10:26:06,2017-06-22 11:42:52,76.7666666666667,2017,"Jun","Thu",597261.532857084,5820119.39654898,"Shrimp boat",31,4.43355074312452,52.5224907064504,65.1145231859786,"FF",334094,57,"fishing_days"
5593,86,2017-06-27 14:09:33,2017-06-27 18:25:25,255.866666666667,2017,"Jun","Tue",595730.739273782,5839254.02611207,"Shrimp boat",31,4.41653479428366,52.6947302012831,48.7134838968768,"FF",334094,57,"fishing_days"
5593,131,2017-07-06 11:43:15,2017-07-06 14:48:20,185.083333333333,2017,"Jul","Thu",574849.859724598,5853045.38848867,"Shrimp boat",31,4.11078011654963,52.8219772933571,54.2657314114288,"FF",334094,57,"fishing_days"
5593,347,2017-12-09 20:25:44,2017-12-10 01:20:44,295,2017,"Dec","Sat",350576.075409047,2506857.63994999,"Shrimp boat",NA,NA,NA,NA,"FF",334094,57,"weekend_days"
5593,391,2017-12-16 00:32:44,2017-12-16 05:17:44,285,2017,"Dec","Sat",318767.71070868,2489628.25207673,"Shrimp boat",28,-16.7618626563136,22.5035221952343,3861.95611572936,"FF",334094,57,"weekend_days"
5593,551,2018-01-06 23:12:24,2018-01-07 02:02:24,170,2018,"Jan","Sat",285541.046464573,2297777.53598847,"Shrimp boat",28,-17.0600087276023,20.767441684433,4052.30584463254,"FF",313014,56,"weekend_days"
5593,614,2018-01-13 17:24:39,2018-01-13 18:14:39,50,2018,"Jan","Sat",256276.532238025,2304600.75673045,"Shrimp boat",NA,NA,NA,NA,"FF",313014,56,"weekend_days"
5593,714,2018-01-28 22:06:46,2018-01-29 06:11:56,485.166666666667,2018,"Jan","Sun",255721.437048071,2304600.44343527,"Shrimp boat",28,-17.3472272541605,20.8253680995567,4057.68266116425,"FF",313014,56,"weekend_days"
5593,731,2018-01-31 06:23:15,2018-01-31 09:13:15,170,2018,"Jan","Wed",274594.563245175,2290610.2742086,"Shrimp boat",NA,NA,NA,NA,"FF",313014,56,"fishing_days"
5593,781,2018-02-07 22:22:07,2018-02-08 00:51:35,149.466666666667,2018,"Feb","Wed",233751.839438753,2292665.49590066,"Shrimp boat",28,-17.5563627448804,20.7146130699152,4077.40094611615,"FF",313014,56,"fishing_days"
5593,991,2018-03-14 18:02:12,2018-03-14 20:27:12,145,2018,"Mar","Wed",264207.342604359,2227233.96307578,"Shrimp boat",28,-17.2554993938535,20.1279133787884,4125.94038824542,"FF",313014,56,"fishing_days"
5593,992,2018-03-14 21:10:52,2018-03-15 04:57:12,466.333333333333,2018,"Mar","Wed",261382.754794565,2228307.49828607,"Shrimp boat",28,-17.2826431232468,20.1372589539972,4126.03959624776,"FF",313014,56,"fishing_days"
5593,1018,2018-03-19 00:08:06,2018-03-19 03:11:36,183.5,2018,"Mar","Mon",240004.898911194,2304688.02406137,"Shrimp boat",28,-17.4981525719516,20.8240246030096,4063.8289839002,"FF",313014,56,"fishing_days"
5593,1079,2018-03-31 11:59:42,2018-03-31 18:54:49,415.116666666667,2018,"Mar","Sat",236687.397090015,2291039.99201302,"Trawler",28,-17.5279545139135,20.7003556354922,4077.73342609237,"FF",313014,56,"weekend_days"
5593,1107,2018-04-06 01:12:12,2018-04-06 03:36:04,143.866666666667,2018,"Apr","Fri",235751.92053665,2296430.98259528,"Trawler",28,-17.5377401751829,20.7488882708157,4073.13365666689,"FF",313014,56,"fishing_days"
5593,1152,2018-04-18 04:43:34,2018-04-18 08:33:34,230,2018,"Apr","Wed",338935.381384014,3124399.75096731,"Shrimp boat",28,-16.6415858049228,28.2356588646537,3276.86081971335,"FF",313014,56,"fishing_days"
5593,1199,2018-04-25 18:01:12,2018-04-25 19:41:12,100,2018,"Apr","Wed",411857.017400055,4850833.17301918,"Shrimp boat",30,-4.09581477824618,43.8053123094224,1220.49161317529,"FF",313014,56,"fishing_days"
5593,1222,2018-05-01 08:41:00,2018-05-01 12:46:00,245,2018,"May","Tue",357396.20988455,5544770.30556253,"Shrimp boat",31,1.00854572052063,50.0381322026776,427.225811271,"FF",313014,56,"fishing_days"
5593,1223,2018-05-01 13:41:00,2018-05-01 16:46:00,185,2018,"May","Tue",359684.869154739,5546629.27242271,"Shrimp boat",31,1.03980608482111,50.0553857946556,424.351710354684,"FF",313014,56,"fishing_days"
5593,1224,2018-05-01 17:31:00,2018-05-01 19:16:00,105,2018,"May","Tue",362893.693449001,5550149.77628367,"Shrimp boat",31,1.08334495328217,50.0877794604032,419.602334886847,"FF",313014,56,"fishing_days"
5593,1353,2018-07-24 02:41:56,2018-07-24 04:16:56,95,2018,"Jul","Tue",612080.462705904,5860234.13847963,"Trawler",31,4.6655456689196,52.880120153887,22.4028640765994,"FF",313014,56,"fishing_days"
5593,1388,2018-07-29 03:58:48,2018-07-29 06:09:28,130.666666666667,2018,"Jul","Sun",592637.627298431,5846483.78615848,"Shrimp boat",31,4.37281981512862,52.760243922934,44.71479302964,"FF",313014,56,"weekend_days"
5593,1570,2019-03-24 19:35:54,2019-03-24 23:00:35,204.683333333333,2019,"Mar","Sun",497356.215133859,4291390.91562534,"Shrimp boat",29,-9.03043384270068,38.7712322230973,1911.03122811255,"FF",414936,62,"weekend_days"
5593,1599,2019-04-05 07:09:04,2019-04-05 10:33:07,204.05,2019,"Apr","Fri",474627.368214375,5188538.79994949,"Shrimp boat",30,-3.33280737758522,46.8499069937099,903.582561954843,"FF",414936,62,"fishing_days"
5593,2187,2020-05-05 15:36:11,2020-05-05 21:26:11,350,2020,"May","Tue",510522.028119088,5847409.20314971,"Shrimp boat",31,3.15598233864049,52.7764041018217,115.867164449104,"FF",529679,67,"fishing_days"
5593,2560,2021-02-25 14:16:06,2021-02-25 19:47:24,331.3,2021,"Feb","Thu",224531.529615846,2284739.82770631,"Shrimp boat",28,-17.643581350238,20.6417363794343,4088.37796794758,"FF",479343,67,"fishing_days"
5594,89,2018-06-28 08:33:30,2018-06-28 12:18:50,225.333333333333,2018,"Jun","Thu",608376.984880609,5856607.26635247,"Shrimp boat",31,4.60932845558813,52.848287628163,27.3297236103416,"MM",313014,56,"fishing_days"
5594,746,2019-03-13 14:32:20,2019-03-13 16:28:27,116.116666666667,2019,"Mar","Wed",374142.740948111,4064070.00371742,"Shrimp boat",30,-4.40920518414939,36.7139855306733,1955.87219262044,"MM",414936,62,"fishing_days"
5594,814,2019-04-09 03:39:29,2019-04-09 08:09:18,269.816666666667,2019,"Apr","Tue",599484.190775771,5851310.71522164,"Shrimp boat",31,4.47571226918532,52.802405200269,36.6585130827364,"MM",414936,62,"fishing_days"
5594,1346,2020-07-21 03:20:38,2020-07-21 05:11:03,110.416666666667,2020,"Jul","Tue",608645.905659974,5858690.50670921,"Shrimp boat",31,4.61401456259995,52.8669536086413,25.3929496594536,"MM",529679,67,"fishing_days"
5601,377,2019-03-20 14:13:54,2019-03-20 17:24:28,190.566666666667,2019,"Mar","Wed",706045.963741245,5483306.25611231,"Shrimp boat",30,-0.156066585875552,49.4674151314532,528.802555693749,"FF",414936,62,"fishing_days"
5603,85,2018-07-26 09:44:07,2018-07-26 13:36:24,232.283333333333,2018,"Jul","Thu",582551.013511861,5870801.54336614,"Trawler",31,4.22954851730574,52.9804367413557,40.3229840440043,"MM",313014,56,"fishing_days"
5603,92,2018-07-27 12:17:13,2018-07-27 18:47:33,390.333333333333,2018,"Jul","Fri",587504.119650856,5859606.51062078,"Shrimp boat",31,4.30028290984335,52.8790388500532,40.0544934443214,"MM",313014,56,"fishing_days"
5603,111,2018-07-31 11:18:30,2018-07-31 12:04:29,45.9833333333333,2018,"Jul","Tue",616437.958022803,5872784.83278557,"Shrimp boat",31,4.73477268241684,52.9919678760861,9.32174463663283,"MM",313014,56,"fishing_days"
5689,28,2018-06-06 22:37:35,2018-06-07 06:22:52,465.283333333333,2018,"Jun","Wed",611592.40169651,5861001.0271444,"Shrimp boat",31,4.65855928439451,52.8871127538011,21.9349681920783,"MM",313014,56,"fishing_days"
5689,71,2018-06-14 21:30:44,2018-06-15 01:53:22,262.633333333333,2018,"Jun","Thu",609246.83619911,5857565.84648045,"Shrimp boat",31,4.62256081284108,52.8567257350468,26.0700118234098,"MM",313014,56,"fishing_days"
5689,146,2018-06-27 21:31:14,2018-06-28 02:30:29,299.25,2018,"Jun","Wed",607657.073164057,5863437.24208913,"Shrimp boat",31,4.60090198660732,52.909806907734,22.0826267254074,"MM",313014,56,"fishing_days"
5689,182,2018-07-02 22:36:05,2018-07-03 04:42:16,366.183333333333,2018,"Jul","Mon",607408.722237454,5858980.29147578,"Shrimp boat",31,4.59573868921763,52.8698059762373,25.8103634022985,"MM",313014,56,"fishing_days"
5689,204,2018-07-07 07:49:04,2018-07-07 09:02:55,73.85,2018,"Jul","Sat",615076.517149066,5874364.01762682,"Shrimp boat",31,4.71506132444309,53.0064516201667,9.03159741003446,"MM",313014,56,"weekend_days"
5689,227,2018-07-13 10:57:11,2018-07-13 11:52:25,55.2333333333333,2018,"Jul","Fri",614878.037218037,5874277.38254515,"Shrimp boat",31,4.7120738812562,53.0057157828792,9.23683436170446,"MM",313014,56,"fishing_days"
5689,230,2018-07-14 07:07:25,2018-07-14 15:56:10,528.75,2018,"Jul","Sat",537500.394180776,5899712.87392385,"Shrimp boat",31,3.56198049353828,53.245361363767,86.3128997200683,"MM",313014,56,"weekend_days"
5689,244,2018-07-16 16:26:19,2018-07-16 18:56:18,149.983333333333,2018,"Jul","Mon",612931.915434565,5863793.21819672,"Shrimp boat",31,4.67942874865581,52.9119230046215,18.8402140911166,"MM",313014,56,"fishing_days"
5689,308,2018-08-01 08:02:42,2018-08-01 08:42:44,40.0333333333333,2018,"Aug","Wed",610904.762273477,5872746.15881301,"Trawler",31,4.65236044417516,52.9927942690133,13.2998205731382,"MM",313014,56,"fishing_days"
5689,392,2018-08-21 20:36:09,2018-08-22 02:43:48,367.65,2018,"Aug","Tue",547158.511014244,5740991.82624334,"Shrimp boat",31,3.68416500985018,51.8177710273188,158.16492107921,"MM",313014,56,"fishing_days"
5689,400,2018-08-22 22:14:39,2018-08-23 01:59:39,225,2018,"Aug","Wed",539193.23539694,5734835.50812581,"Shrimp boat",31,3.56791774338942,51.7630360101681,167.396114330329,"MM",313014,56,"fishing_days"
5689,418,2018-08-29 12:37:33,2018-08-29 16:58:46,261.216666666667,2018,"Aug","Wed",608395.139753785,5133295.50718978,"Shrimp boat",30,-1.59135474967407,46.3445575787697,877.640584290324,"MM",313014,56,"fishing_days"
5689,424,2018-08-30 10:36:13,2018-08-30 15:26:13,290,2018,"Aug","Thu",608836.158876669,5113474.71995961,"Shrimp boat",30,-1.59020347387572,46.1661551883152,894.973178328381,"MM",313014,56,"fishing_days"
5689,538,2018-09-13 08:57:14,2018-09-13 11:11:17,134.05,2018,"Sep","Thu",630507.869819002,5085135.5409378,"Shrimp boat",30,-1.31735290463332,45.9073991320874,910.653610192063,"MM",313014,56,"fishing_days"
5689,781,2019-04-22 18:23:12,2019-04-23 02:53:07,509.916666666667,2019,"Apr","Mon",608050.753994142,5866527.95853457,"Shrimp boat",31,4.60778244903741,52.9375010937229,19.5232312895689,"MM",414936,62,"fishing_days"
5689,819,2019-05-02 13:58:18,2019-05-02 16:24:08,145.833333333333,2019,"May","Thu",611656.513047859,5858131.84285193,"Shrimp boat",31,4.65852768783351,52.8613173877924,24.4882561527127,"MM",414936,62,"fishing_days"
5689,835,2019-05-07 03:03:57,2019-05-07 08:15:08,311.183333333333,2019,"May","Tue",609049.220426653,5867016.72675419,"Shrimp boat",31,4.62279738752485,52.9416912354862,18.4790709114966,"MM",414936,62,"fishing_days"
5692,126,2018-12-07 16:56:20,2018-12-07 18:16:36,80.2666666666667,2018,"Dec","Fri",373351.577413491,4063406.83577328,"Shrimp boat",30,-4.41795143174913,36.7079038062259,1956.76298280234,"MM",313014,56,"fishing_days"
5692,188,2019-01-16 12:21:45,2019-01-16 13:26:45,65,2019,"Jan","Wed",373548.970188221,4063338.92868596,"Shrimp boat",30,-4.41573081295669,36.7073181198204,1956.76148291046,"MM",414936,62,"fishing_days"
5692,248,2019-03-25 15:52:32,2019-03-25 16:52:32,60,2019,"Mar","Mon",373325.149165808,4063085.7928041,"Shrimp boat",NA,NA,NA,NA,"MM",414936,62,"fishing_days"
5697,68,2019-06-24 04:58:57,2019-06-24 09:08:52,249.916666666667,2019,"Jun","Mon",490824.753302451,5697893.62743735,"Shrimp boat",31,2.86801191539337,51.432167788461,224.625441584662,"MM",414936,62,"fishing_days"
5697,192,2019-12-11 03:36:42,2019-12-11 07:16:42,220,2019,"Dec","Wed",439728.256297887,4064233.10297015,"Shrimp boat",NA,NA,NA,NA,"MM",414936,62,"fishing_days"
5697,602,2020-04-29 18:08:18,2020-04-29 21:54:26,226.133333333333,2020,"Apr","Wed",573535.407357238,5862497.79611275,"Shrimp boat",31,4.09341133207213,52.9071164560909,51.3876401151088,"MM",529679,67,"fishing_days"
5697,614,2020-05-03 20:10:18,2020-05-03 23:14:25,184.116666666667,2020,"May","Sun",580176.824780663,5869630.38354213,"Shrimp boat",31,4.19390471997945,52.9702713294119,42.9078740998786,"MM",529679,67,"weekend_days"
5697,657,2020-05-14 21:49:12,2020-05-15 00:23:18,154.1,2020,"May","Thu",553384.612695378,5874785.18925152,"Shrimp boat",31,3.79584865070077,53.0199427734608,68.5033889498882,"MM",529679,67,"fishing_days"
5697,688,2020-05-27 01:00:22,2020-05-27 05:35:22,275,2020,"May","Wed",612087.207732185,5860217.02242731,"Shrimp boat",31,4.66563996075032,52.8799649469625,22.4154024662847,"MM",529679,67,"fishing_days"
5697,693,2020-05-27 15:23:26,2020-05-27 17:19:08,115.7,2020,"May","Wed",612709.418005014,5861267.67982029,"Shrimp boat",31,4.67524579776929,52.8892759043453,21.199391483381,"MM",529679,67,"fishing_days"
5697,776,2020-06-16 13:36:18,2020-06-16 20:53:18,437,2020,"Jun","Tue",607997.025025917,5869928.76621733,"Shrimp boat",31,4.6081167109479,52.9680714298833,17.3083762701824,"MM",529679,67,"fishing_days"
5697,804,2020-06-21 11:09:14,2020-06-21 20:08:54,539.666666666667,2020,"Jun","Sun",540924.413387428,5913409.46261899,"Trawler",31,3.61505644297459,53.3682195220578,87.1972234373846,"MM",529679,67,"weekend_days"
5697,813,2020-06-23 23:36:35,2020-06-24 00:31:33,54.9666666666667,2020,"Jun","Tue",614871.287977393,5874181.6622436,"Shrimp boat",31,4.71193930659814,53.0048571448262,9.30588553000852,"MM",529679,67,"fishing_days"
5697,959,2021-03-30 12:22:40,2021-03-31 05:08:17,1005.61666666667,2021,"Mar","Tue",477745.424554615,5707960.95026629,"Shrimp boat",31,2.67923061039804,51.5223265511668,224.636288952344,"MM",479343,67,"fishing_days"
5698,53,2019-06-06 14:42:44,2019-06-06 18:21:24,218.666666666667,2019,"Jun","Thu",586781.757320808,5891574.59533676,"Shrimp boat",31,4.29814908287821,53.1664562914831,36.672242001071,"MM",414936,62,"fishing_days"
5698,174,2019-07-01 17:28:06,2019-07-01 20:24:36,176.5,2019,"Jul","Mon",556353.089585836,5743244.20567471,"Shrimp boat",31,3.81791111129028,51.837169043325,152.015928130836,"MM",414936,62,"fishing_days"
5698,226,2019-07-14 22:03:56,2019-07-15 03:24:49,320.883333333333,2019,"Jul","Sun",678967.524993764,5489164.33490384,"Shrimp boat",30,-0.52676775152451,49.528641453939,540.887976605975,"MM",414936,62,"weekend_days"
5698,711,2019-11-18 14:33:08,2019-11-18 16:37:19,124.183333333333,2019,"Nov","Mon",351057.748160802,4550575.65004374,"Shrimp boat",31,1.2265675083983,41.0928135194207,1359.19875262137,"MM",414936,62,"fishing_days"
5698,911,2020-02-10 12:24:06,2020-02-10 15:44:06,200,2020,"Feb","Mon",350942.75469715,4549238.40969923,"Shrimp boat",31,1.22552296238991,41.0807522319353,1360.53558230231,"MM",529679,67,"fishing_days"
5698,921,2020-02-12 14:50:53,2020-02-12 16:30:53,100,2020,"Feb","Wed",350464.16230212,4549844.82879069,"Shrimp boat",31,1.21968071142936,41.0861244125592,1360.03437375627,"MM",529679,67,"fishing_days"
5698,961,2020-02-21 14:50:24,2020-02-21 18:00:24,190,2020,"Feb","Fri",351063.921558647,4550453.09341977,"Shrimp boat",31,1.22667066201996,41.0917111788254,1359.31796592,"MM",529679,67,"fishing_days"
5698,975,2020-02-25 13:36:04,2020-02-25 15:01:04,85,2020,"Feb","Tue",350609.111526524,4549939.41305329,"Shrimp boat",NA,NA,NA,NA,"MM",529679,67,"fishing_days"
5698,1005,2020-03-02 07:39:36,2020-03-02 09:49:36,130,2020,"Mar","Mon",351402.302226666,4551351.14914101,"Shrimp boat",NA,NA,NA,NA,"MM",529679,67,"fishing_days"
5698,1029,2020-03-06 06:19:02,2020-03-06 08:03:35,104.55,2020,"Mar","Fri",351723.199117306,4551136.5207823,"Shrimp boat",31,1.23435206984466,41.0979851508147,1358.5160985696,"MM",529679,67,"fishing_days"
5698,1033,2020-03-07 05:49:28,2020-03-07 08:30:35,161.116666666667,2020,"Mar","Sat",351891.937090734,4551446.76256977,"Shrimp boat",31,1.2362857085182,41.1008092764472,1358.17790376094,"MM",529679,67,"weekend_days"
5698,1296,2020-06-16 03:29:20,2020-06-16 06:25:35,176.25,2020,"Jun","Tue",606912.898689797,5860954.73516797,"Shrimp boat",31,4.5890240592995,52.8876473662001,24.4896384503461,"MM",529679,67,"fishing_days"
5698,1397,2020-08-07 05:33:33,2020-08-07 09:38:20,244.783333333333,2020,"Aug","Fri",578460.51029583,5509916.90021269,"Shrimp boat",30,-1.91113452473312,49.7366234151725,595.560831172164,"MM",529679,67,"fishing_days"
5698,1407,2020-08-08 10:18:10,2020-08-08 17:08:04,409.9,2020,"Aug","Sat",698756.706079036,5493064.73699263,"Shrimp boat",30,-0.251640482170158,49.5575188113642,525.473970921952,"MM",529679,67,"weekend_days"
5698,1638,2020-09-28 05:35:38,2020-09-28 07:05:38,90,2020,"Sep","Mon",351132.016211075,4550564.56428782,"Shrimp boat",31,1.2274540856153,41.0927273108517,1359.19496077742,"MM",529679,67,"fishing_days"
5698,1726,2020-10-14 12:44:57,2020-10-14 14:51:20,126.383333333333,2020,"Oct","Wed",351192.554958142,4550610.87763334,"Shrimp boat",31,1.22816337345833,41.0931553908556,1359.13748078599,"MM",529679,67,"fishing_days"
5698,2153,2021-05-31 13:43:31,2021-05-31 17:29:50,226.316666666667,2021,"May","Mon",620996.559853729,5872660.64398648,"Shrimp boat",31,4.80260736466622,52.9898420197883,7.80960356156448,"MM",479343,67,"fishing_days"
5699,79,2019-06-07 00:50:35,2019-06-07 02:55:32,124.95,2019,"Jun","Fri",594670.193644187,5807814.56684683,"Shrimp boat",31,4.39187568453,52.4123564284978,77.5287395076881,"MM",414936,62,"fishing_days"
5699,104,2019-06-11 16:00:26,2019-06-11 18:05:26,125,2019,"Jun","Tue",608946.983789932,5859177.60548141,"Shrimp boat",31,4.61864830930913,52.8712698368736,24.8204285106936,"MM",414936,62,"fishing_days"
5699,177,2019-06-21 09:24:38,2019-06-21 14:33:38,309,2019,"Jun","Fri",586272.30668226,5889737.80708334,"Shrimp boat",31,4.29003540768508,53.1500320392855,36.6471120284735,"MM",414936,62,"fishing_days"
5699,254,2019-07-03 16:51:26,2019-07-03 21:56:26,305,2019,"Jul","Wed",613183.446669615,5859610.48227589,"Shrimp boat",31,4.68171178540388,52.8742852134413,22.5252700160021,"MM",414936,62,"fishing_days"
5699,255,2019-07-03 23:16:25,2019-07-04 00:36:26,80.0166666666667,2019,"Jul","Wed",610720.001845474,5857227.24184322,"Shrimp boat",31,4.6443158422667,52.8533821271287,25.7028127728935,"MM",414936,62,"fishing_days"
5699,292,2019-07-08 09:01:39,2019-07-08 16:10:09,428.5,2019,"Jul","Mon",609983.984756429,5859920.02077267,"Shrimp boat",31,4.63429925859353,52.8777302096628,23.6554100384059,"MM",414936,62,"fishing_days"
5699,412,2019-07-28 15:40:21,2019-07-28 17:13:55,93.5666666666667,2019,"Jul","Sun",602940.644661553,5827911.32488282,"Shrimp boat",31,4.51964291561652,52.5914731250874,55.8073228602906,"MM",414936,62,"weekend_days"
5699,431,2019-07-31 11:54:59,2019-07-31 14:19:46,144.783333333333,2019,"Jul","Wed",606861.901235339,5850068.61064278,"Shrimp boat",31,4.58470064650464,52.7898323192505,33.8272732923056,"MM",414936,62,"fishing_days"
5699,435,2019-08-01 05:15:36,2019-08-01 10:04:41,289.083333333333,2019,"Aug","Thu",611711.308618294,5856958.44145039,"Shrimp boat",31,4.65893904180213,52.85076197878,25.540704697849,"MM",414936,62,"fishing_days"
5699,436,2019-08-01 11:32:56,2019-08-01 13:28:25,115.483333333333,2019,"Aug","Thu",611972.516352922,5856949.2938324,"Shrimp boat",31,4.66281311621162,52.8506255322961,25.4477047222855,"MM",414936,62,"fishing_days"
5699,440,2019-08-02 05:36:51,2019-08-02 08:41:22,184.516666666667,2019,"Aug","Fri",610419.729378347,5860661.11664677,"Shrimp boat",31,4.64102273877404,52.8843003845727,22.7958357980558,"MM",414936,62,"fishing_days"
5699,470,2019-08-05 23:15:06,2019-08-06 00:50:26,95.3333333333333,2019,"Aug","Mon",513168.516417126,5497213.94383236,"Trawler",30,-2.81765981218318,49.6273398310357,653.520517196591,"MM",414936,62,"fishing_days"
5699,475,2019-08-06 20:10:06,2019-08-06 22:20:06,130,2019,"Aug","Tue",429089.206212134,5496307.78766595,"Shrimp boat",31,2.01835828494624,49.6151708296775,429.912709772176,"MM",414936,62,"fishing_days"
5699,481,2019-08-07 18:50:06,2019-08-07 20:56:33,126.45,2019,"Aug","Wed",538771.71795996,5495198.38170255,"Trawler",31,3.53664933668446,49.6081102385562,394.371425477469,"MM",414936,62,"fishing_days"
5699,689,2020-04-15 16:10:54,2020-04-15 17:30:03,79.15,2020,"Apr","Wed",623785.544353927,5871453.05557293,"Shrimp boat",31,4.8436722975737,52.978355072935,9.19891134250297,"MM",529679,67,"fishing_days"
5699,788,2020-04-28 15:05:17,2020-04-28 17:50:17,165,2020,"Apr","Tue",623016.86935664,5870963.74971592,"Shrimp boat",31,4.83204399425131,52.9741356703512,9.54821302361934,"MM",529679,67,"fishing_days"
5699,828,2020-05-06 01:14:02,2020-05-06 03:54:03,160.016666666667,2020,"May","Wed",614083.040206378,5874471.36137503,"Shrimp boat",31,4.70029994731975,53.0076287173505,9.72274020104693,"MM",529679,67,"fishing_days"
5699,831,2020-05-06 07:39:03,2020-05-06 09:00:06,81.05,2020,"May","Wed",615337.108522367,5872625.89428326,"Trawler",31,4.71832286660244,52.9907778517627,10.1131941053602,"MM",529679,67,"fishing_days"
5699,944,2020-05-25 06:29:28,2020-05-25 08:37:58,128.5,2020,"May","Mon",609982.320436625,5842310.4242997,"Trawler",31,4.62835214947431,52.7194891288323,39.9131099956532,"MM",529679,67,"fishing_days"
5700,35,2019-06-19 11:09:41,2019-06-19 14:38:28,208.783333333333,2019,"Jun","Wed",584837.324853802,5891761.21029454,"Shrimp boat",31,4.26912013143276,53.1684467837165,38.5801689501968,"FF",414936,62,"fishing_days"
5700,50,2019-06-24 15:00:22,2019-06-24 18:19:47,199.416666666667,2019,"Jun","Mon",584914.810274004,5893558.22549057,"Shrimp boat",31,4.27075617558866,53.1845841161707,39.0737265518072,"FF",414936,62,"fishing_days"
5700,58,2019-06-26 07:04:18,2019-06-26 13:09:18,365,2019,"Jun","Wed",589704.633259186,5890018.38821696,"Shrimp boat",31,4.34142270937167,53.1519866506611,33.424561227206,"FF",414936,62,"fishing_days"
5700,106,2019-07-02 12:56:45,2019-07-02 14:38:06,101.35,2019,"Jul","Tue",551164.490218401,5865248.66314196,"Shrimp boat",31,3.76124668332912,52.9344389364321,72.1035631628319,"FF",414936,62,"fishing_days"
5700,135,2019-07-06 14:05:19,2019-07-06 18:15:38,250.316666666667,2019,"Jul","Sat",560356.676200005,5917394.10041109,"Shrimp boat",31,3.90783342117637,53.4021704605451,71.6064436231053,"FF",414936,62,"weekend_days"
5700,367,2020-04-28 03:00:02,2020-04-28 08:15:02,315,2020,"Apr","Tue",550192.930874694,5898689.41648967,"Trawler",31,3.75201376030378,53.2351139232083,73.7574196405283,"FF",529679,67,"fishing_days"
5700,383,2020-05-05 19:36:39,2020-05-06 01:21:39,345,2020,"May","Tue",607724.481792608,5869509.65096341,"Shrimp boat",31,4.60392073893921,52.9643600969982,17.7798335151192,"FF",529679,67,"fishing_days"
5701,95,2019-06-16 11:19:10,2019-06-16 14:29:10,190,2019,"Jun","Sun",586838.044979249,5888760.32960954,"Trawler",31,4.29822759130412,53.1411556292854,35.8612338988629,"MM",414936,62,"weekend_days"
5701,114,2019-06-20 04:35:16,2019-06-20 12:00:36,445.333333333333,2019,"Jun","Thu",578021.43085057,5866808.94136568,"Shrimp boat",31,4.16113672337618,52.945231173397,45.7530506360926,"MM",414936,62,"fishing_days"
5701,142,2019-06-25 20:52:24,2019-06-26 00:22:59,210.583333333333,2019,"Jun","Tue",608634.609750349,5863820.4424429,"Shrimp boat",31,4.61556020225701,52.913053618681,21.1707513270065,"MM",414936,62,"fishing_days"
5701,169,2019-07-01 06:43:48,2019-07-01 08:28:27,104.65,2019,"Jul","Mon",602543.96727885,5851673.9078354,"Trawler",31,4.52119662269508,52.8050961164393,34.5862338180905,"MM",414936,62,"fishing_days"
5701,193,2019-07-05 06:23:41,2019-07-05 12:13:25,349.733333333333,2019,"Jul","Fri",565462.479392571,5872019.18650455,"Shrimp boat",31,3.97531693376938,52.9937406862573,56.839827686622,"MM",414936,62,"fishing_days"
5701,209,2019-07-08 22:47:12,2019-07-09 04:12:12,325,2019,"Jul","Mon",505285.524569895,5944639.03009605,"Shrimp boat",31,3.07996571731206,53.6504891818458,132.856149993119,"MM",414936,62,"fishing_days"
5701,214,2019-07-09 17:07:12,2019-07-09 21:03:32,236.333333333333,2019,"Jul","Tue",490182.763624237,5953169.53895769,"Shrimp boat",31,2.85120325744593,53.7270990173245,150.179790823093,"MM",414936,62,"fishing_days"
5701,254,2019-07-23 21:44:13,2019-07-24 09:13:29,689.266666666667,2019,"Jul","Tue",464671.741330408,5817487.66977062,"Shrimp boat",31,2.47949481581458,52.5063681210532,169.002504735819,"MM",414936,62,"fishing_days"
5701,255,2019-07-24 09:49:47,2019-07-24 21:09:47,680,2019,"Jul","Wed",467569.341175616,5815629.44649758,"Shrimp boat",31,2.52236567377964,52.4898429744578,167.034753373679,"MM",414936,62,"fishing_days"
5701,259,2019-07-26 07:59:52,2019-07-26 11:19:52,200,2019,"Jul","Fri",462494.305673804,5825764.23650876,"Shrimp boat",31,2.44648023939637,52.5806265879255,168.147740756462,"MM",414936,62,"fishing_days"
5701,296,2019-10-30 23:34:16,2019-10-31 03:29:16,235,2019,"Oct","Wed",328738.116809339,3909409.78479,"Shrimp boat",30,-4.88390299495183,35.3132473932109,2117.32764492182,"MM",414936,62,"fishing_days"
5701,669,2020-05-03 06:39:57,2020-05-03 15:59:57,560,2020,"May","Sun",582552.338914462,5874197.36937109,"Shrimp boat",NA,NA,NA,NA,"MM",529679,67,"weekend_days"
5701,708,2020-05-14 15:57:06,2020-05-14 18:17:21,140.25,2020,"May","Thu",616405.077673636,5873324.92406469,"Shrimp boat",31,4.73447754187583,52.9968279117504,8.90365848738621,"MM",529679,67,"fishing_days"
5702,633,2020-06-25 17:35:57,2020-06-25 18:35:57,60,2020,"Jun","Thu",614908.253015494,5874245.02674767,"Shrimp boat",NA,NA,NA,NA,"FF",529679,67,"fishing_days"
5702,646,2020-06-27 05:41:45,2020-06-27 07:15:43,93.9666666666667,2020,"Jun","Sat",641480.755332468,5892994.93275563,"Shrimp boat",31,5.11651455308654,53.1674926843298,23.3364393075884,"FF",529679,67,"weekend_days"
5702,722,2020-07-11 05:38:31,2020-07-11 07:49:28,130.95,2020,"Jul","Sat",641761.547675884,5892866.51735642,"Shrimp boat",31,5.12065509352771,53.1662644411775,23.5047349960219,"FF",529679,67,"weekend_days"
5702,730,2020-07-12 07:30:06,2020-07-12 08:49:48,79.7,2020,"Jul","Sun",642032.236811742,5893201.86302645,"Trawler",31,5.12485023554847,53.1692047124329,23.9119248916561,"FF",529679,67,"weekend_days"
5702,733,2020-07-12 19:36:26,2020-07-12 20:32:50,56.4,2020,"Jul","Sun",641484.250043918,5893332.80903439,"Trawler",31,5.1167162131897,53.1705269100954,23.5231714463571,"FF",529679,67,"weekend_days"
5702,736,2020-07-13 07:26:10,2020-07-13 08:51:32,85.3666666666667,2020,"Jul","Mon",641394.326141698,5893835.95490462,"Shrimp boat",31,5.11559429960362,53.1750705775682,23.7290550050621,"FF",529679,67,"fishing_days"
5702,744,2020-07-14 04:04:20,2020-07-14 06:14:20,130,2020,"Jul","Tue",641978.096285576,5893515.09467128,"Shrimp boat",31,5.12417990142363,53.1720329092175,24.0355137393801,"FF",529679,67,"fishing_days"
5702,785,2020-07-18 05:50:19,2020-07-18 11:40:05,349.766666666667,2020,"Jul","Sat",613522.817174475,5860008.50017844,"Shrimp boat",31,4.68689066983991,52.8777901982305,22.0286391042989,"FF",529679,67,"weekend_days"
5702,790,2020-07-19 03:10:28,2020-07-19 06:14:19,183.85,2020,"Jul","Sun",612183.070126498,5867319.33722421,"Trawler",31,4.66951662325472,52.9437645942354,16.2399777021465,"FF",529679,67,"weekend_days"
5702,797,2020-07-20 05:31:38,2020-07-20 09:47:24,255.766666666667,2020,"Jul","Mon",610192.668626898,5850775.21541368,"Shrimp boat",31,4.63431045586978,52.7955121784194,31.8416468039392,"FF",529679,67,"fishing_days"
5702,798,2020-07-20 14:02:32,2020-07-20 18:22:32,260,2020,"Jul","Mon",610166.206101042,5852738.11476557,"Trawler",31,4.63457963257052,52.8131563292051,30.0304591882374,"FF",529679,67,"fishing_days"
5702,812,2020-07-22 06:03:48,2020-07-22 08:03:48,120,2020,"Jul","Wed",609583.388889557,5865091.92911476,"Shrimp boat",31,4.63009287886222,52.9242864298023,19.5855623633887,"FF",529679,67,"fishing_days"
5702,814,2020-07-22 09:48:48,2020-07-22 11:53:48,125,2020,"Jul","Wed",609239.787880561,5849095.82208373,"Shrimp boat",31,4.61962345101232,52.7806146336813,33.7537650324217,"FF",529679,67,"fishing_days"
5704,258,2020-06-24 15:57:11,2020-06-24 16:42:11,45,2020,"Jun","Wed",614862.933513676,5874102.1650976,"Shrimp boat",31,4.71178659491988,53.0041446224168,9.36561739457492,"FF",529679,67,"fishing_days"
5705,14,2019-06-12 08:16:53,2019-06-12 09:36:53,80,2019,"Jun","Wed",615878.516448426,5872203.81366657,"Trawler",31,4.72623366115967,52.9868684918713,10.1187154130218,"MM",414936,62,"fishing_days"
5705,60,2019-06-24 17:15:46,2019-06-24 21:01:27,225.683333333333,2019,"Jun","Mon",446962.467844492,5846350.04103424,"Shrimp boat",31,2.21396274604886,52.7643810499132,177.807092271466,"MM",414936,62,"fishing_days"
5705,787,2021-01-18 00:10:47,2021-01-18 04:45:24,274.616666666667,2021,"Jan","Mon",446555.099537036,3977433.1144963,"Trawler",30,-3.59253798614027,35.939795319349,2016.02354291593,"MM",479343,67,"fishing_days"
5705,889,2021-02-19 21:22:06,2021-02-20 02:56:53,334.783333333333,2021,"Feb","Fri",763502.070806585,3970768.39803057,"Shrimp boat",30,-0.082417138234872,35.8457277056058,1954.22348313059,"MM",479343,67,"fishing_days"
5705,1329,2022-02-13 18:20:06,2022-02-14 00:44:43,384.616666666667,2022,"Feb","Sun",254563.083251172,4006695.26854888,"Shrimp boat",31,0.271093614239332,36.1739639125353,1912.91377890727,"MM",421489,35,"weekend_days"
5705,1715,2022-07-16 17:38:48,2022-07-16 18:44:31,65.7166666666667,2022,"Jul","Sat",607533.379402493,5875725.55970525,"Shrimp boat",31,4.60314416098549,53.0202541349673,14.9780447132071,"MM",421489,35,"weekend_days"
5992,46,2020-06-23 12:30:33,2020-06-23 14:25:31,114.966666666667,2020,"Jun","Tue",620086.577918891,5872944.58748439,"Shrimp boat",31,4.78916315794241,52.992597973717,7.67474403316736,"MM",529679,67,"fishing_days"
5993,6,2020-06-03 19:46:33,2020-06-04 00:23:24,276.85,2020,"Jun","Wed",610623.086776212,5864628.10553365,"Shrimp boat",31,4.64539378500559,52.91990545569,19.3354816163698,"MM",529679,67,"fishing_days"
5993,20,2020-06-07 12:47:11,2020-06-07 16:18:07,210.933333333333,2020,"Jun","Sun",560543.932922515,5862674.64962523,"Shrimp boat",31,3.90030051614778,52.9103267880152,63.6515920123801,"MM",529679,67,"weekend_days"
5993,103,2020-06-23 18:22:37,2020-06-24 00:06:24,343.783333333333,2020,"Jun","Tue",608076.464547357,5871779.47985539,"Shrimp boat",31,4.60991719758799,52.9846857829085,16.1845306779196,"MM",529679,67,"fishing_days"
5993,176,2020-07-09 00:56:04,2020-07-09 05:06:18,250.233333333333,2020,"Jul","Thu",606811.720593134,5857798.95395798,"Shrimp boat",31,4.5864855799737,52.8593090788952,27.1246147430844,"MM",529679,67,"fishing_days"
5993,274,2020-07-30 08:52:56,2020-07-30 11:59:28,186.533333333333,2020,"Jul","Thu",478634.931500487,5841747.1804359,"Trawler",31,2.68364741874727,52.7251841861502,148.03849115356,"MM",529679,67,"fishing_days"
5993,308,2021-01-04 05:06:26,2021-01-04 06:46:26,100,2021,"Jan","Mon",404746.304523951,4064205.08319188,"Shrimp boat",30,-4.06662091456345,36.7187663415054,1945.76419738066,"MM",479343,67,"fishing_days"
5993,556,2021-05-20 15:29:58,2021-05-20 17:14:58,105,2021,"May","Thu",614992.738487548,5873811.34001753,"Shrimp boat",31,4.7136166077688,53.00150358718,9.47150547334745,"MM",479343,67,"fishing_days"
5997,36,2020-06-17 06:14:33,2020-06-17 10:27:54,253.35,2020,"Jun","Wed",607392.274578062,5859707.89699085,"Shrimp boat",31,4.59573443238853,52.8763476197649,25.2177441692134,"MM",529679,67,"fishing_days"
5997,95,2020-06-30 05:47:06,2020-06-30 07:32:06,105,2020,"Jun","Tue",615119.719837871,5868843.09384212,"Trawler",31,4.7137402236204,52.9568344650511,13.3609629907898,"MM",529679,67,"fishing_days"
5997,162,2020-07-22 14:00:01,2020-07-22 18:15:52,255.85,2020,"Jul","Wed",608612.303276791,5862118.54439928,"Shrimp boat",31,4.6146597867978,52.8977648717039,22.5447732240878,"MM",529679,67,"fishing_days"
5997,281,2021-04-25 11:36:26,2021-04-25 12:26:37,50.1833333333333,2021,"Apr","Sun",615477.05398562,5874325.68001624,"Shrimp boat",31,4.72101414746016,53.0060209231976,8.76620562599046,"MM",479343,67,"weekend_days"
5997,286,2021-04-26 04:20:09,2021-04-26 05:25:15,65.1,2021,"Apr","Mon",615136.481518259,5874199.6057233,"Shrimp boat",31,4.71589597591694,53.0049614266965,9.09917146249141,"MM",479343,67,"fishing_days"
5997,287,2021-04-26 06:10:09,2021-04-26 09:43:56,213.783333333333,2021,"Apr","Mon",615122.644659724,5874572.12906583,"Shrimp boat",31,4.71582262967034,53.0083116674098,8.85851239390229,"MM",479343,67,"fishing_days"
5998,12,2020-06-08 18:24:43,2020-06-08 20:49:00,144.283333333333,2020,"Jun","Mon",592967.790763453,5872785.00860584,"Shrimp boat",31,4.3852237764318,52.9965563014462,29.7575407640846,"MM",529679,67,"fishing_days"
5998,48,2020-06-22 07:57:09,2020-06-22 09:56:38,119.483333333333,2020,"Jun","Mon",589350.209233123,5889795.60414867,"Trawler",31,4.3360621546805,53.1500441116424,33.7008911597613,"MM",529679,67,"fishing_days"
5998,55,2020-06-23 11:38:30,2020-06-23 13:07:30,89,2020,"Jun","Tue",610600.211810735,5869695.70527904,"Shrimp boat",31,4.64678226070249,52.9654466302017,15.485289855218,"MM",529679,67,"fishing_days"
5998,65,2020-06-25 01:47:37,2020-06-25 02:52:40,65.05,2020,"Jun","Thu",609431.265943491,5863512.8080596,"Trawler",31,4.62729884842798,52.9101275798491,20.935381174757,"MM",529679,67,"fishing_days"
5999,36,2020-06-15 17:41:39,2020-06-15 20:12:47,151.133333333333,2020,"Jun","Mon",610648.436972965,5847491.59210042,"Shrimp boat",31,4.63995727846422,52.7659120244768,34.7751217522714,"MM",529679,67,"fishing_days"
5999,38,2020-06-16 04:20:23,2020-06-16 07:35:23,195,2020,"Jun","Tue",609287.63346599,5855791.24238495,"Trawler",31,4.62257166152248,52.8407707719208,27.6225336067109,"MM",529679,67,"fishing_days"
5999,147,2020-07-18 01:50:06,2020-07-18 03:46:09,116.05,2020,"Jul","Sat",614408.727159652,5870375.93807133,"Trawler",31,4.70370262315783,52.970759946983,12.460273175561,"MM",529679,67,"weekend_days"
5999,181,2020-07-24 02:39:55,2020-07-24 05:05:24,145.483333333333,2020,"Jul","Fri",619868.935417372,5872526.8853536,"Shrimp boat",31,4.78576737963999,52.9888936247017,8.13112015539271,"MM",529679,67,"fishing_days"
7001,137,2021-08-16 04:53:32,2021-08-16 05:53:32,60,2021,"Aug","Mon",614967.804213769,5874423.55626964,"Trawler",31,4.7134630865268,53.0070099484477,9.07273596825227,"MM",479343,67,"fishing_days"
7002,86,2020-08-16 16:09:40,2020-08-16 16:48:20,38.6666666666667,2020,"Aug","Sun",615174.06523452,5874391.00695018,"Shrimp boat",31,4.71652405862928,53.0066731589117,8.94144475199144,"MM",529679,67,"weekend_days"
7004,41,2020-08-06 03:50:47,2020-08-06 06:25:47,155,2020,"Aug","Thu",614869.714282714,5874061.33525461,"Shrimp boat",31,4.71187308123703,53.0037762952798,9.38829082131988,"MM",529679,67,"fishing_days"
7008,8,2020-07-27 16:10:46,2020-07-27 16:54:05,43.3166666666667,2020,"Jul","Mon",615247.668519311,5874645.71870446,"Trawler",31,4.7177113672186,53.0089460047369,8.71626462245007,"MM",529679,67,"fishing_days"
7009,13,2021-07-28 14:48:21,2021-07-28 17:23:36,155.25,2021,"Jul","Wed",615209.163535212,5874605.65769503,"Shrimp boat",31,4.7171234603831,53.0085943273545,8.77161137069253,"FF",479343,67,"fishing_days"
7009,45,2021-08-04 15:33:54,2021-08-04 19:02:30,208.6,2021,"Aug","Wed",614904.954454914,5874503.91258239,"Shrimp boat",31,4.71255542599925,53.0077454714912,9.06710170050599,"FF",479343,67,"fishing_days"
7009,52,2021-08-05 08:48:46,2021-08-05 13:46:48,298.033333333333,2021,"Aug","Thu",615011.744226266,5874303.73120886,"Shrimp boat",31,4.71407497835528,53.0059238378228,9.12000236994732,"FF",479343,67,"fishing_days"
7009,62,2021-08-06 17:52:55,2021-08-06 18:58:40,65.75,2021,"Aug","Fri",615145.268700129,5874572.843782,"Shrimp boat",31,4.71615991475793,53.0083132250505,8.84111210585607,"FF",479343,67,"fishing_days"
7009,68,2021-08-08 10:32:55,2021-08-08 14:02:55,210,2021,"Aug","Sun",615071.618341576,5874660.616936,"Shrimp boat",31,4.71509401690441,53.0091177326882,8.83874635752269,"FF",479343,67,"weekend_days"
7009,73,2021-08-09 09:37:31,2021-08-09 13:22:55,225.4,2021,"Aug","Mon",614956.939632599,5874542.05339353,"Shrimp boat",31,4.7133434148039,53.0080770244612,9.00289444079646,"FF",479343,67,"fishing_days"
7009,98,2021-08-13 05:22:55,2021-08-13 08:27:55,185,2021,"Aug","Fri",614931.877092003,5874369.15657767,"Shrimp boat",31,4.71290853967826,53.0065288574051,9.13565620633854,"FF",479343,67,"fishing_days"
7009,103,2021-08-14 06:44:12,2021-08-14 08:14:21,90.15,2021,"Aug","Sat",614988.981695975,5874546.45444752,"Shrimp boat",31,4.71382231019682,53.0081096900413,8.97583871608024,"FF",479343,67,"weekend_days"
7009,122,2021-08-17 06:45:43,2021-08-17 11:50:43,305,2021,"Aug","Tue",615256.817117891,5873634.70506066,"Shrimp boat",31,4.71748696347657,52.9998596931341,9.41159060447612,"FF",479343,67,"fishing_days"
7009,129,2021-08-18 09:50:06,2021-08-18 12:25:06,155,2021,"Aug","Wed",614880.58373168,5874443.41501949,"Shrimp boat",31,4.71217086261556,53.0072071054068,9.12511674539305,"FF",479343,67,"fishing_days"
7009,131,2021-08-18 15:25:37,2021-08-18 17:40:06,134.483333333333,2021,"Aug","Wed",614857.941045976,5874467.31306117,"Shrimp boat",31,4.71184206034429,53.0074266959418,9.12654732462912,"FF",479343,67,"fishing_days"
7009,138,2021-08-19 07:10:06,2021-08-19 08:45:06,95,2021,"Aug","Thu",614893.548068198,5874545.11576262,"Shrimp boat",31,4.71240016349416,53.0081181459732,9.04886041839864,"FF",479343,67,"fishing_days"
7009,139,2021-08-19 11:08:40,2021-08-19 14:58:40,230,2021,"Aug","Thu",614883.937563312,5874563.07446795,"Shrimp boat",31,4.71226338389296,53.008281574055,9.04448497122353,"FF",479343,67,"fishing_days"
7009,143,2021-08-20 04:59:46,2021-08-20 06:59:01,119.25,2021,"Aug","Fri",614883.976992082,5874538.02949122,"Shrimp boat",31,4.71225506304837,53.0080565264516,9.06072757048496,"FF",479343,67,"fishing_days"
7009,152,2021-08-21 05:33:31,2021-08-21 07:43:31,130,2021,"Aug","Sat",614894.193594897,5874507.8386394,"Shrimp boat",31,4.71239651982076,53.007783057604,9.07266913509245,"FF",479343,67,"weekend_days"
7009,153,2021-08-21 08:37:41,2021-08-21 11:13:31,155.833333333333,2021,"Aug","Sat",614853.455676509,5874456.38643689,"Shrimp boat",31,4.71177135775679,53.0073294778403,9.13707979040239,"FF",479343,67,"weekend_days"
7009,155,2021-08-21 13:35:49,2021-08-21 18:10:49,275,2021,"Aug","Sat",614920.887743749,5874509.8020264,"Shrimp boat",31,4.71279487691702,53.0077949713482,9.05121657093225,"FF",479343,67,"weekend_days"
7009,161,2021-08-22 05:51:05,2021-08-22 08:35:49,164.733333333333,2021,"Aug","Sun",614889.227093787,5874543.29666066,"Shrimp boat",31,4.71233514704608,53.0081027276963,9.05332019547091,"FF",479343,67,"weekend_days"
7009,162,2021-08-22 09:45:39,2021-08-22 13:19:22,213.716666666667,2021,"Aug","Sun",614863.762682173,5874566.72849979,"Shrimp boat",31,4.71196413777081,53.0083187349645,9.05745293189964,"FF",479343,67,"weekend_days"
7009,163,2021-08-22 14:00:39,2021-08-22 16:10:39,130,2021,"Aug","Sun",614879.061742702,5874564.00369944,"Shrimp boat",NA,NA,NA,NA,"FF",479343,67,"weekend_days"
7009,174,2021-08-24 14:56:59,2021-08-24 17:26:32,149.55,2021,"Aug","Tue",512602.664323663,5689657.85091523,"Shrimp boat",31,3.18099959225766,51.3580470886254,219.826631452166,"FF",479343,67,"fishing_days"
7021,15,2022-06-16 02:37:13,2022-06-16 04:56:52,139.65,2022,"Jun","Thu",607891.64703158,5865492.58612053,"Shrimp boat",31,4.60507165277214,52.9282292354839,20.3817705398362,"FF",421489,35,"fishing_days"
7036,96,2022-07-04 15:42:12,2022-07-04 20:12:16,270.066666666667,2022,"Jul","Mon",610102.74644508,5862735.74615483,"Shrimp boat",31,4.63701637155899,52.9030078211736,21.1928327941694,"MM",421489,35,"fishing_days"
7036,109,2022-07-08 19:22:33,2022-07-08 22:33:53,191.333333333333,2022,"Jul","Fri",574105.770214748,5866594.47273662,"Trawler",31,4.10282584127646,52.9438585405759,49.5574913991786,"MM",421489,35,"fishing_days"
7036,114,2022-07-10 06:14:04,2022-07-10 15:11:40,537.6,2022,"Jul","Sun",608195.231812954,5829968.03262985,"Shrimp boat",31,4.59785335448737,52.6089353432872,52.2752062304543,"MM",421489,35,"weekend_days"
7036,123,2022-07-11 16:25:19,2022-07-11 19:25:04,179.75,2022,"Jul","Mon",611929.225466498,5852521.29599416,"Shrimp boat",31,4.66065209474444,52.8108449620243,29.6006532453825,"MM",421489,35,"fishing_days"
7036,130,2022-07-12 08:21:37,2022-07-12 09:50:19,88.7,2022,"Jul","Tue",613154.739083712,5857112.88174897,"Shrimp boat",31,4.68041793542243,52.8518483945308,24.863942171238,"MM",421489,35,"fishing_days"
7036,143,2022-07-13 10:28:34,2022-07-13 11:56:35,88.0166666666667,2022,"Jul","Wed",623082.18180266,5871953.46759035,"Trawler",31,4.83339260915038,52.9830131553535,8.57686667518683,"MM",421489,35,"fishing_days"
7036,149,2022-07-14 09:34:28,2022-07-14 10:28:11,53.7166666666667,2022,"Jul","Thu",619687.112820793,5872583.25183975,"Trawler",31,4.78308094450758,52.9894407240946,8.12109305319508,"MM",421489,35,"fishing_days"
7036,151,2022-07-14 21:17:08,2022-07-15 01:14:14,237.1,2022,"Jul","Thu",623211.845607108,5872378.02111001,"Shrimp boat",31,4.83548468700604,52.9867979082044,8.17885592918023,"MM",421489,35,"fishing_days"
7045,117,2021-06-27 22:53:31,2021-06-28 00:59:56,126.416666666667,2021,"Jun","Sun",613763.094732673,5875186.05004668,"Shrimp boat",31,4.69578551447267,53.0141185996796,9.56720484280144,"FF",479343,67,"weekend_days"
7045,174,2021-07-07 07:57:36,2021-07-07 11:06:04,188.466666666667,2021,"Jul","Wed",633367.676640298,5870483.56584309,"Trawler",31,4.9858996445318,52.967346968939,15.2553552102196,"FF",479343,67,"fishing_days"
7045,180,2021-07-08 03:33:45,2021-07-08 05:49:46,136.016666666667,2021,"Jul","Thu",639294.485422421,5874375.2063629,"Trawler",31,5.07576623930681,53.0008011508318,18.4988822685501,"FF",479343,67,"fishing_days"
7045,184,2021-07-08 12:57:45,2021-07-08 14:38:35,100.833333333333,2021,"Jul","Thu",640938.869920116,5875807.2815298,"Trawler",31,5.1008777864684,53.0132358859118,19.6715821227472,"FF",479343,67,"fishing_days"
7045,190,2021-07-09 10:38:20,2021-07-09 13:23:09,164.816666666667,2021,"Jul","Fri",633409.750961786,5873387.8698182,"Shrimp boat",31,4.98772332636945,52.9934289146869,13.5763932064906,"FF",479343,67,"fishing_days"
7045,199,2021-07-10 15:06:09,2021-07-10 17:21:09,135,2021,"Jul","Sat",614988.494142189,5874419.45644684,"Shrimp boat",31,4.71376983598181,53.0069686676403,9.05998972223395,"FF",479343,67,"weekend_days"
7045,207,2021-07-11 11:01:42,2021-07-11 13:35:17,153.583333333333,2021,"Jul","Sun",643521.47836409,5878130.56015652,"Trawler",31,5.14037908189274,53.0334201393021,21.8193634694249,"FF",479343,67,"weekend_days"
7045,208,2021-07-11 15:13:27,2021-07-11 16:08:27,55,2021,"Jul","Sun",647567.442447154,5877857.19306824,"Shrimp boat",31,5.20054473930286,53.0298639593461,25.8640915842219,"FF",479343,67,"weekend_days"
7045,234,2021-07-14 03:18:01,2021-07-14 09:52:32,394.516666666667,2021,"Jul","Wed",649108.623608248,5882354.45349296,"Trawler",31,5.22558934958386,53.069833705094,27.3415171535778,"FF",479343,67,"fishing_days"
7045,242,2021-07-15 13:00:16,2021-07-15 14:35:16,95,2021,"Jul","Thu",650656.099058174,5881902.61973737,"Shrimp boat",31,5.24845608062272,53.0653410884575,28.8556434571249,"FF",479343,67,"fishing_days"
7045,253,2021-07-17 06:29:21,2021-07-17 07:44:24,75.05,2021,"Jul","Sat",651393.884373102,5882034.99831185,"Shrimp boat",31,5.25952002538877,53.0663216651629,29.5978824806366,"FF",479343,67,"weekend_days"
7045,274,2021-07-21 03:38:06,2021-07-21 05:53:55,135.816666666667,2021,"Jul","Wed",647475.073811372,5880230.2458686,"Shrimp boat",31,5.20025396473511,53.0512059370395,25.6442229565993,"FF",479343,67,"fishing_days"
7045,275,2021-07-21 08:08:50,2021-07-21 09:42:04,93.2333333333333,2021,"Jul","Wed",637916.327637642,5878409.93746867,"Trawler",31,5.05696731904786,53.0374042055741,16.229923225677,"FF",479343,67,"fishing_days"
7046,69,2021-06-16 09:39:33,2021-06-16 13:43:28,243.916666666667,2021,"Jun","Wed",611852.171843982,5864585.21366762,"Trawler",31,4.66365189934882,52.9192655315638,18.6923253561462,"FF",479343,67,"fishing_days"
7046,102,2021-06-23 03:28:50,2021-06-23 04:53:04,84.2333333333333,2021,"Jun","Wed",611587.100786978,5860511.81941739,"Shrimp boat",31,4.65831275239174,52.8827179129354,22.3722187116587,"FF",479343,67,"fishing_days"
7046,307,2022-04-13 20:40:52,2022-04-14 02:35:50,354.966666666667,2022,"Apr","Wed",583657.025951093,5834797.73334044,"Shrimp boat",31,4.23679600363902,52.6566776033321,59.432163115536,"FF",421489,35,"fishing_days"
7046,345,2022-04-24 07:57:07,2022-04-24 09:26:10,89.05,2022,"Apr","Sun",614765.981417158,5874792.60093862,"Shrimp boat",31,4.71058774957053,53.0103692562255,8.98865043449527,"FF",421489,35,"weekend_days"
7046,485,2022-06-26 21:49:09,2022-06-26 22:52:25,63.2666666666667,2022,"Jun","Sun",614692.087246535,5873560.34401392,"Shrimp boat",31,4.70904941047542,52.9993127440183,9.8616715761565,"FF",421489,35,"weekend_days"
7046,511,2022-07-14 03:02:46,2022-07-14 08:16:51,314.083333333333,2022,"Jul","Thu",609710.276491474,5855201.69878822,"Trawler",31,4.62864555456906,52.8353872042451,27.9658568761605,"FF",421489,35,"fishing_days"
7047,17,2021-06-06 23:11:55,2021-06-07 01:01:52,109.95,2021,"Jun","Sun",614275.230608586,5875141.1790422,"Shrimp boat",31,4.70340000090717,53.0136063440888,9.16976136349921,"MM",479343,67,"weekend_days"
7047,26,2021-06-08 11:40:35,2021-06-08 22:04:59,624.4,2021,"Jun","Tue",633115.64086987,5878281.03470202,"Shrimp boat",31,4.98536158549747,53.0374623140386,11.5146614011958,"MM",479343,67,"fishing_days"
7047,76,2021-06-22 22:00:38,2021-06-23 02:32:18,271.666666666667,2021,"Jun","Tue",611091.53762169,5856025.68605677,"Shrimp boat",31,4.64942170590652,52.8425085062786,26.6428285968814,"MM",479343,67,"fishing_days"
7047,323,2022-05-16 00:24:17,2022-05-16 04:14:17,230,2022,"May","Mon",613450.03058405,5857874.18328491,"Shrimp boat",31,4.68506612519475,52.8586271389053,24.0473123634296,"MM",421489,35,"fishing_days"
7048,5,2021-06-04 20:16:39,2021-06-05 00:26:49,250.166666666667,2021,"Jun","Fri",626249.842619296,5877260.83437183,"Shrimp boat",31,4.88262389219482,53.0299607985893,5.47081638792867,"FF",479343,67,"fishing_days"
7048,58,2021-06-12 17:46:39,2021-06-12 19:52:03,125.4,2021,"Jun","Sat",538002.434386381,5878885.56249633,"Shrimp boat",31,3.56703189581339,53.058114017068,83.6399164173189,"FF",479343,67,"weekend_days"
7048,80,2021-06-15 08:16:39,2021-06-15 13:40:16,323.616666666667,2021,"Jun","Tue",492749.442107837,5785575.73030228,"Shrimp boat",31,2.89386211407007,52.220563930201,159.994188032026,"FF",479343,67,"fishing_days"
7048,163,2021-06-30 22:09:06,2021-07-01 05:34:59,445.883333333333,2021,"Jun","Wed",493392.186342928,5687548.12620593,"Shrimp boat",31,2.9051375072123,51.339177924031,231.696507682235,"FF",479343,67,"fishing_days"
7048,164,2021-07-01 08:34:11,2021-07-01 15:34:10,419.983333333333,2021,"Jul","Thu",508820.23198508,5698677.00978478,"Trawler",31,3.1269006439529,51.4392174481324,213.999708250698,"FF",479343,67,"fishing_days"
7048,278,2021-07-21 05:09:06,2021-07-21 09:34:46,265.666666666667,2021,"Jul","Wed",544593.023243424,5745260.23413438,"Shrimp boat",31,3.64749835013458,51.8563573389409,155.661348473539,"FF",479343,67,"fishing_days"
7048,328,2021-07-30 02:19:15,2021-07-30 04:53:25,154.166666666667,2021,"Jul","Fri",604953.992089125,5886851.97382834,"Shrimp boat",31,4.56833464942369,53.1207476477442,17.9841456264296,"FF",479343,67,"fishing_days"
7048,546,2022-04-24 06:36:20,2022-04-24 07:24:52,48.5333333333333,2022,"Apr","Sun",615303.244789885,5874791.34161049,"Shrimp boat",31,4.71859128776567,53.010242515911,8.57839624311506,"FF",421489,35,"weekend_days"
7059,78,2021-07-19 16:38:37,2021-07-19 18:07:40,89.05,2021,"Jul","Mon",523476.276412049,5850240.13395199,"Trawler",31,3.34822111729431,52.8014451447494,102.668981979438,"FF",479343,67,"fishing_days"
7061,223,2022-07-17 06:36:39,2022-07-17 09:06:25,149.766666666667,2022,"Jul","Sun",538901.776559671,5218871.78882227,"Shrimp boat",30,-2.48713569327131,47.1222027084884,841.110880793425,"MM",421489,35,"weekend_days"
7061,287,2022-08-29 10:30:38,2022-08-29 11:55:23,84.75,2022,"Aug","Mon",437644.20709764,3366120.72148211,"Shrimp boat",29,-9.64930593604392,30.4255546633092,2779.30173300846,"MM",421489,35,"fishing_days"
7062,35,2022-06-14 06:32:15,2022-06-14 12:31:30,359.25,2022,"Jun","Tue",575772.081235138,5882101.44108554,"Trawler",31,4.13125754358362,53.0829972658558,45.9541659039786,"FF",421489,35,"fishing_days"
7062,85,2022-07-03 08:15:19,2022-07-03 12:36:36,261.283333333333,2022,"Jul","Sun",606481.657904697,5849994.20274197,"Trawler",31,4.57903997956956,52.7892388185813,34.0625655793093,"FF",421489,35,"weekend_days"
7062,86,2022-07-03 15:03:30,2022-07-03 18:27:02,203.533333333333,2022,"Jul","Sun",607208.545250225,5845103.08331556,"Trawler",31,4.58821414981533,52.7451417350414,38.2177926998123,"FF",421489,35,"weekend_days"
7062,92,2022-07-05 12:47:02,2022-07-05 17:17:09,270.116666666667,2022,"Jul","Tue",612813.180430359,5862581.22047625,"Trawler",31,4.67724306769146,52.9010572773319,19.9722907535113,"FF",421489,35,"fishing_days"
7062,105,2022-07-13 04:14:54,2022-07-13 06:41:30,146.6,2022,"Jul","Wed",610233.960586583,5877209.70514558,"Trawler",31,4.64389454837749,53.0330408398555,11.9659994538601,"FF",421489,35,"fishing_days"
7062,113,2022-07-15 08:51:13,2022-07-15 11:56:13,185,2022,"Jul","Fri",605850.450353774,5840579.22545221,"Trawler",31,4.5666453110586,52.7047558000239,42.9220584037334,"FF",421489,35,"fishing_days"
7062,117,2022-07-16 11:06:52,2022-07-16 16:41:52,335,2022,"Jul","Sat",606095.9625571,5842524.61991737,"Shrimp boat",31,4.57090552533957,52.722190001428,41.026213906229,"FF",421489,35,"weekend_days"
7062,119,2022-07-17 08:14:45,2022-07-17 08:43:34,28.8166666666667,2022,"Jul","Sun",614620.759096783,5874612.39225563,"Shrimp boat",31,4.7083603050346,53.0087811130513,9.21474447857945,"FF",421489,35,"weekend_days"
7063,680,2022-06-20 04:22:50,2022-06-20 05:02:36,39.7666666666667,2022,"Jun","Mon",615061.63630271,5875274.7225484,"Trawler",31,4.71516412797652,53.0146378510208,8.45847149184337,"MM",421489,35,"fishing_days"
7063,950,2022-11-05 19:41:40,2022-11-06 01:35:43,354.05,2022,"Nov","Sat",618826.287736678,3746768.25638422,"Shrimp boat",32,10.2844984991724,33.8545247502122,2181.4779392008,"MM",421489,35,"weekend_days"
7078,23,2021-07-31 12:37:51,2021-07-31 19:57:51,440,2021,"Jul","Sat",614926.333178234,5874488.99494334,"Shrimp boat",31,4.71286859334705,53.0076068427668,9.06074076854224,"FF",479343,67,"weekend_days"
7078,26,2021-08-01 03:02:51,2021-08-01 11:08:57,486.1,2021,"Aug","Sun",614832.563995314,5874261.46534993,"Shrimp boat",31,4.71139084756469,53.0055825129332,9.28131138981513,"FF",479343,67,"weekend_days"
7078,30,2021-08-03 11:03:57,2021-08-03 16:53:57,350,2021,"Aug","Tue",614832.803814649,5874402.35647988,"Shrimp boat",31,4.71144450519501,53.0068484257016,9.18805585748856,"FF",479343,67,"fishing_days"
7078,35,2021-08-04 19:52:31,2021-08-05 00:46:22,293.85,2021,"Aug","Wed",614986.467580172,5873566.7639027,"Shrimp boat",31,4.71343617420495,52.9993073176471,9.64848163056829,"FF",479343,67,"fishing_days"
7078,37,2021-08-05 06:36:22,2021-08-05 08:50:10,133.8,2021,"Aug","Thu",614962.052537967,5874308.00969619,"Shrimp boat",31,4.71333628383576,53.005972951304,9.15394037180319,"FF",479343,67,"fishing_days"
7078,69,2021-08-10 17:29:30,2021-08-10 20:10:55,161.416666666667,2021,"Aug","Tue",614869.657273076,5874430.68610972,"Shrimp boat",31,4.7120035682981,53.0070950749269,9.14170198311978,"FF",479343,67,"fishing_days"
7078,74,2021-08-11 09:55:55,2021-08-11 12:40:05,164.166666666667,2021,"Aug","Wed",614846.546046522,5874450.88562508,"Shrimp boat",31,4.71166647127081,53.0072815327335,9.1458960388264,"FF",479343,67,"fishing_days"
7078,96,2021-08-14 06:50:06,2021-08-14 11:10:19,260.216666666667,2021,"Aug","Sat",615141.372053569,5873876.08802189,"Shrimp boat",31,4.71585352713813,53.0020534424395,9.32030170364136,"FF",479343,67,"weekend_days"
7078,99,2021-08-14 16:22:25,2021-08-14 20:41:36,259.183333333333,2021,"Aug","Sat",615001.859876505,5874299.27558932,"Shrimp boat",31,4.71392615294812,53.0058859250049,9.13030544701173,"FF",479343,67,"weekend_days"
7078,101,2021-08-15 04:22:18,2021-08-15 08:17:18,235,2021,"Aug","Sun",614978.372527134,5874468.85781811,"Shrimp boat",31,4.71363664371228,53.0074147317803,9.03486730157801,"FF",479343,67,"weekend_days"
7078,113,2021-08-18 02:58:53,2021-08-18 07:49:22,290.483333333333,2021,"Aug","Wed",614857.458309496,5874330.00442068,"Shrimp boat",31,4.71178604522738,53.0061930257933,9.21724012859054,"FF",479343,67,"fishing_days"
7078,120,2021-08-19 08:45:40,2021-08-19 14:21:29,335.816666666667,2021,"Aug","Thu",614804.130873533,5874728.99580537,"Shrimp boat",31,4.71113348001572,53.0097895602799,8.99919781105878,"FF",479343,67,"fishing_days"
7078,135,2021-08-21 07:08:36,2021-08-21 12:06:06,297.5,2021,"Aug","Sat",614968.357796577,5874279.27754729,"Shrimp boat",31,4.71341998252424,53.0057134279145,9.16852098720636,"FF",479343,67,"weekend_days"
7078,139,2021-08-22 03:39:56,2021-08-22 08:24:56,285,2021,"Aug","Sun",615196.412040359,5873871.55996243,"Shrimp boat",31,4.71667172460169,53.0020009210929,9.2845241194294,"FF",479343,67,"weekend_days"
7085,24,2022-06-07 18:06:17,2022-06-07 23:04:59,298.7,2022,"Jun","Tue",609957.200190732,5859711.2472068,"Shrimp boat",31,4.63383090880466,52.8758596536714,23.8500245843027,"MM",421489,35,"fishing_days"
7086,23,2022-06-05 18:23:23,2022-06-05 20:47:52,144.483333333333,2022,"Jun","Sun",575860.141037714,5869978.66874544,"Shrimp boat",31,4.12972109844381,52.9740297276373,47.0117766783571,"MM",421489,35,"weekend_days"
7086,33,2022-06-08 02:34:41,2022-06-08 05:24:41,170,2022,"Jun","Wed",569414.999928247,5869614.12827816,"Shrimp boat",31,4.03367871416185,52.9716264952078,53.376164463003,"MM",421489,35,"fishing_days"
7086,93,2022-06-26 07:28:14,2022-06-26 10:57:02,208.8,2022,"Jun","Sun",476544.429154244,5859106.80553013,"Shrimp boat",31,2.65144837239271,52.8811530395966,146.537489249444,"MM",421489,35,"weekend_days"
7086,188,2022-07-17 05:06:11,2022-07-17 09:00:30,234.316666666667,2022,"Jul","Sun",561130.139293237,5847545.01782884,"Shrimp boat",31,3.90618064156884,52.7742670949604,68.899963972188,"MM",421489,35,"weekend_days"
7086,199,2022-07-19 11:40:06,2022-07-19 14:44:56,184.833333333333,2022,"Jul","Tue",563948.818160441,5854036.27922077,"Trawler",31,3.94922784274815,52.8322873265373,63.4766594129422,"MM",421489,35,"fishing_days"
